timestamp,value,anomaly_score,label,S(t)_standard,S(t)_reward_low_FP_rate,S(t)_reward_low_FN_rate
2024-04-02 23:42:13.000,226,0.0,0.0,-0.11,-0.22,-0.11
2024-04-02 23:42:13.000,177,0.0,0.0,-0.11,-0.22,-0.11
2024-04-02 23:42:13.000,227,0.0,0.0,-0.11,-0.22,-0.11
2024-04-02 23:42:13.000,228,0.0,0.0,-0.11,-0.22,-0.11
2024-04-02 23:42:13.000,178,0.0,0.0,-0.11,-0.22,-0.11
2024-04-02 23:42:13.000,229,0.0,0.0,-0.11,-0.22,-0.11
2024-04-02 23:42:13.000,179,0.0,0.0,-0.11,-0.22,-0.11
2024-04-02 23:42:13.000,230,0.0,0.0,-0.11,-0.22,-0.11
2024-04-02 23:42:13.000,179,0.0,0.0,-0.11,-0.22,-0.11
2024-04-02 23:42:13.000,181,0.0,0.0,-0.11,-0.22,-0.11
2024-04-02 23:42:18.000,205,0.0,0.0,-0.11,-0.22,-0.11
2024-04-02 23:42:18.000,204,0.0,0.0,-0.11,-0.22,-0.11
2024-04-02 23:42:18.000,203,0.0,0.0,-0.11,-0.22,-0.11
2024-04-02 23:42:18.000,197,0.0,0.0,-0.11,-0.22,-0.11
2024-04-02 23:42:28.000,341,0.0,0.0,-0.11,-0.22,-0.11
2024-04-02 23:43:01.000,130,0.0,0.0,-0.11,-0.22,-0.11
2024-04-02 23:43:01.000,128,0.0,0.0,-0.11,-0.22,-0.11
2024-04-02 23:43:01.000,128,0.0,0.0,-0.11,-0.22,-0.11
2024-04-02 23:43:01.000,128,0.0,0.0,-0.11,-0.22,-0.11
2024-04-02 23:43:01.000,128,0.0,0.0,-0.11,-0.22,-0.11
2024-04-02 23:43:01.000,305,0.0,0.0,-0.11,-0.22,-0.11
2024-04-02 23:43:01.000,305,0.0,0.0,-0.11,-0.22,-0.11
2024-04-02 23:43:01.000,306,0.0,0.0,-0.11,-0.22,-0.11
2024-04-02 23:43:01.000,305,0.0,0.0,-0.11,-0.22,-0.11
2024-04-02 23:43:01.000,307,0.0,0.0,-0.11,-0.22,-0.11
2024-04-02 23:43:16.000,130,0.0,0.0,-0.11,-0.22,-0.11
2024-04-02 23:43:16.000,307,0.0,0.0,-0.11,-0.22,-0.11
2024-04-02 23:43:31.000,307,0.0,0.0,-0.11,-0.22,-0.11
2024-04-02 23:43:31.000,130,0.0,0.0,-0.11,-0.22,-0.11
2024-04-02 23:43:46.000,307,0.0,0.0,-0.11,-0.22,-0.11
2024-04-02 23:43:46.000,130,0.0,0.0,-0.11,-0.22,-0.11
2024-04-02 23:44:01.000,130,0.0,0.0,-0.11,-0.22,-0.11
2024-04-02 23:44:01.000,307,0.0,0.0,-0.11,-0.22,-0.11
2024-04-02 23:44:01.000,305,0.0,0.0,-0.11,-0.22,-0.11
2024-04-02 23:44:01.000,305,0.0,0.0,-0.11,-0.22,-0.11
2024-04-02 23:44:01.000,306,0.0,0.0,-0.11,-0.22,-0.11
2024-04-02 23:44:01.000,128,0.0,0.0,-0.11,-0.22,-0.11
2024-04-02 23:44:01.000,128,0.0,0.0,-0.11,-0.22,-0.11
2024-04-02 23:44:01.000,128,0.0,0.0,-0.11,-0.22,-0.11
2024-04-02 23:44:01.000,128,0.0,0.0,-0.11,-0.22,-0.11
2024-04-02 23:44:01.000,305,0.0,0.0,-0.11,-0.22,-0.11
2024-04-02 23:44:16.000,307,0.0,0.0,-0.11,-0.22,-0.11
2024-04-02 23:44:16.000,130,0.0,0.0,-0.11,-0.22,-0.11
2024-04-02 23:44:31.000,307,0.0,0.0,-0.11,-0.22,-0.11
2024-04-02 23:44:31.000,130,0.0,0.0,-0.11,-0.22,-0.11
2024-04-02 23:44:46.000,307,0.0,0.0,-0.11,-0.22,-0.11
2024-04-02 23:44:46.000,130,0.0,0.0,-0.11,-0.22,-0.11
2024-04-02 23:45:01.000,305,0.0,0.0,-0.11,-0.22,-0.11
2024-04-02 23:45:01.000,307,0.0,0.0,-0.11,-0.22,-0.11
2024-04-02 23:45:01.000,306,0.0,0.0,-0.11,-0.22,-0.11
2024-04-02 23:45:01.000,305,0.0,0.0,-0.11,-0.22,-0.11
2024-04-02 23:45:01.000,130,0.0,0.0,-0.11,-0.22,-0.11
2024-04-02 23:45:01.000,128,0.0,0.0,-0.11,-0.22,-0.11
2024-04-02 23:45:01.000,128,0.0,0.0,-0.11,-0.22,-0.11
2024-04-02 23:45:01.000,305,0.0,0.0,-0.11,-0.22,-0.11
2024-04-02 23:45:01.000,128,0.0,0.0,-0.11,-0.22,-0.11
2024-04-02 23:45:01.000,128,0.0,0.0,-0.11,-0.22,-0.11
2024-04-02 23:45:16.000,307,0.0,0.0,-0.11,-0.22,-0.11
2024-04-02 23:45:16.000,130,0.0,0.0,-0.11,-0.22,-0.11
2024-04-02 23:45:28.000,197,0.0,0.0,-0.11,-0.22,-0.11
2024-04-02 23:45:28.000,203,0.0,0.0,-0.11,-0.22,-0.11
2024-04-02 23:45:28.000,204,0.0,0.0,-0.11,-0.22,-0.11
2024-04-02 23:45:28.000,205,0.0,0.0,-0.11,-0.22,-0.11
2024-04-02 23:45:31.000,307,0.0,0.0,-0.11,-0.22,-0.11
2024-04-02 23:45:31.000,130,0.0,0.0,-0.11,-0.22,-0.11
2024-04-02 23:45:38.000,341,0.0,0.0,-0.11,-0.22,-0.11
2024-04-02 23:45:46.000,130,0.0,0.0,-0.11,-0.22,-0.11
2024-04-02 23:45:46.000,307,0.0,0.0,-0.11,-0.22,-0.11
2024-04-02 23:46:01.000,128,0.0,0.0,-0.11,-0.22,-0.11
2024-04-02 23:46:01.000,128,0.0,0.0,-0.11,-0.22,-0.11
2024-04-02 23:46:01.000,128,0.0,0.0,-0.11,-0.22,-0.11
2024-04-02 23:46:01.000,305,0.0,0.0,-0.11,-0.22,-0.11
2024-04-02 23:46:01.000,305,0.0,0.0,-0.11,-0.22,-0.11
2024-04-02 23:46:01.000,306,0.0,0.0,-0.11,-0.22,-0.11
2024-04-02 23:46:01.000,305,0.0,0.0,-0.11,-0.22,-0.11
2024-04-02 23:46:01.000,307,0.0,0.0,-0.11,-0.22,-0.11
2024-04-02 23:46:01.000,130,0.0,0.0,-0.11,-0.22,-0.11
2024-04-02 23:46:01.000,128,0.0,0.0,-0.11,-0.22,-0.11
2024-04-02 23:46:16.000,307,0.0,0.0,-0.11,-0.22,-0.11
2024-04-02 23:46:16.000,130,0.0,0.0,-0.11,-0.22,-0.11
2024-04-02 23:46:31.000,130,0.0,0.0,-0.11,-0.22,-0.11
2024-04-02 23:46:31.000,307,0.0,0.0,-0.11,-0.22,-0.11
2024-04-02 23:46:46.000,130,0.0,0.0,-0.11,-0.22,-0.11
2024-04-02 23:46:46.000,307,0.0,0.0,-0.11,-0.22,-0.11
2024-04-02 23:47:01.000,128,0.0,0.0,-0.11,-0.22,-0.11
2024-04-02 23:47:01.000,128,0.0,0.0,-0.11,-0.22,-0.11
2024-04-02 23:47:01.000,128,0.0,0.0,-0.11,-0.22,-0.11
2024-04-02 23:47:01.000,128,0.0,0.0,-0.11,-0.22,-0.11
2024-04-02 23:47:01.000,305,0.0,0.0,-0.11,-0.22,-0.11
2024-04-02 23:47:01.000,305,0.0,0.0,-0.11,-0.22,-0.11
2024-04-02 23:47:01.000,305,0.0,0.0,-0.11,-0.22,-0.11
2024-04-02 23:47:01.000,306,0.0,0.0,-0.11,-0.22,-0.11
2024-04-02 23:47:01.000,307,0.0,0.0,-0.11,-0.22,-0.11
2024-04-02 23:47:01.000,130,0.0,0.0,-0.11,-0.22,-0.11
2024-04-02 23:47:16.000,307,0.0,0.0,-0.11,-0.22,-0.11
2024-04-02 23:47:16.000,130,0.0,0.0,-0.11,-0.22,-0.11
2024-04-02 23:47:31.000,307,0.0,0.0,-0.11,-0.22,-0.11
2024-04-02 23:47:31.000,130,0.0,0.0,-0.11,-0.22,-0.11
2024-04-02 23:47:46.000,130,0.0,0.0,-0.11,-0.22,-0.11
2024-04-02 23:47:46.000,307,0.0,0.0,-0.11,-0.22,-0.11
2024-04-02 23:48:01.000,128,0.0,0.0,-0.11,-0.22,-0.11
2024-04-02 23:48:01.000,128,0.0,0.0,-0.11,-0.22,-0.11
2024-04-02 23:48:01.000,128,0.0,0.0,-0.11,-0.22,-0.11
2024-04-02 23:48:01.000,128,0.0,0.0,-0.11,-0.22,-0.11
2024-04-02 23:48:01.000,305,0.0,0.0,-0.11,-0.22,-0.11
2024-04-02 23:48:01.000,305,0.0,0.0,-0.11,-0.22,-0.11
2024-04-02 23:48:01.000,305,0.0,0.0,-0.11,-0.22,-0.11
2024-04-02 23:48:01.000,306,0.0,0.0,-0.11,-0.22,-0.11
2024-04-02 23:48:01.000,307,0.0,0.0,-0.11,-0.22,-0.11
2024-04-02 23:48:01.000,130,0.0,0.0,-0.11,-0.22,-0.11
2024-04-02 23:48:16.000,307,0.0,0.0,-0.11,-0.22,-0.11
2024-04-02 23:48:16.000,130,0.0,0.0,-0.11,-0.22,-0.11
2024-04-02 23:48:31.000,307,0.0,0.0,-0.11,-0.22,-0.11
2024-04-02 23:48:31.000,130,0.0,0.0,-0.11,-0.22,-0.11
2024-04-02 23:48:46.000,130,0.0,0.0,-0.11,-0.22,-0.11
2024-04-02 23:48:46.000,307,0.0,0.0,-0.11,-0.22,-0.11
2024-04-02 23:49:01.000,128,0.0,0.0,-0.11,-0.22,-0.11
2024-04-02 23:49:01.000,128,0.0,0.0,-0.11,-0.22,-0.11
2024-04-02 23:49:01.000,128,0.0,0.0,-0.11,-0.22,-0.11
2024-04-02 23:49:01.000,128,0.0,0.0,-0.11,-0.22,-0.11
2024-04-02 23:49:01.000,305,0.0,0.0,-0.11,-0.22,-0.11
2024-04-02 23:49:01.000,305,0.0,0.0,-0.11,-0.22,-0.11
2024-04-02 23:49:01.000,305,0.0,0.0,-0.11,-0.22,-0.11
2024-04-02 23:49:01.000,306,0.0,0.0,-0.11,-0.22,-0.11
2024-04-02 23:49:01.000,307,0.0,0.0,-0.11,-0.22,-0.11
2024-04-02 23:49:01.000,130,0.0,0.0,-0.11,-0.22,-0.11
2024-04-02 23:49:05.000,594,0.0,0.0,-0.11,-0.22,-0.11
2024-04-02 23:49:15.000,598,0.0,0.0,-0.11,-0.22,-0.11
2024-04-02 23:49:16.000,307,0.0,0.0,-0.11,-0.22,-0.11
2024-04-02 23:49:16.000,130,0.0,0.0,-0.11,-0.22,-0.11
2024-04-02 23:49:31.000,307,0.0,0.0,-0.11,-0.22,-0.11
2024-04-02 23:49:31.000,130,0.0,0.0,-0.11,-0.22,-0.11
2024-04-02 23:49:46.000,307,0.0,0.0,-0.11,-0.22,-0.11
2024-04-02 23:49:46.000,130,0.0,0.0,-0.11,-0.22,-0.11
2024-04-02 23:50:01.000,130,0.0,0.0,-0.11,-0.22,-0.11
2024-04-02 23:50:01.000,306,0.0,0.0,-0.11,-0.22,-0.11
2024-04-02 23:50:01.000,305,0.0,0.0,-0.11,-0.22,-0.11
2024-04-02 23:50:01.000,305,0.0,0.0,-0.11,-0.22,-0.11
2024-04-02 23:50:01.000,307,0.0,0.0,-0.11,-0.22,-0.11
2024-04-02 23:50:01.000,128,0.0,0.0,-0.11,-0.22,-0.11
2024-04-02 23:50:01.000,128,0.0,0.0,-0.11,-0.22,-0.11
2024-04-02 23:50:01.000,128,0.0,0.0,-0.11,-0.22,-0.11
2024-04-02 23:50:01.000,128,0.0,0.0,-0.11,-0.22,-0.11
2024-04-02 23:50:01.000,305,0.0,0.0,-0.11,-0.22,-0.11
2024-04-02 23:50:16.000,307,0.0,0.0,-0.11,-0.22,-0.11
2024-04-02 23:50:16.000,130,0.0,0.0,-0.11,-0.22,-0.11
2024-04-02 23:50:31.000,307,0.0,0.0,-0.11,-0.22,-0.11
2024-04-02 23:50:31.000,130,0.0,0.0,-0.11,-0.22,-0.11
2024-04-02 23:50:46.000,307,0.0,0.0,-0.11,-0.22,-0.11
2024-04-02 23:50:46.000,130,0.0,0.0,-0.11,-0.22,-0.11
2024-04-02 23:51:01.000,130,0.0,0.0,-0.11,-0.22,-0.11
2024-04-02 23:51:01.000,307,0.002293577981651377,0.0,-0.11,-0.22,-0.11
2024-04-02 23:51:01.000,306,0.008083140877598153,0.0,-0.11,-0.22,-0.11
2024-04-02 23:51:01.000,305,0.0019120458891013386,0.0,-0.11,-0.22,-0.11
2024-04-02 23:51:01.000,305,0.003276003276003276,0.0,-0.11,-0.22,-0.11
2024-04-02 23:51:01.000,305,0.001638001638001638,0.0,-0.11,-0.22,-0.11
2024-04-02 23:51:01.000,128,0.0009578544061302679,0.0,-0.11,-0.22,-0.11
2024-04-02 23:51:01.000,128,0.002304147465437788,0.0,-0.11,-0.22,-0.11
2024-04-02 23:51:01.000,128,0.0014492753623188404,0.0,-0.11,-0.22,-0.11
2024-04-02 23:51:01.000,128,0.003891050583657589,0.0,-0.11,-0.22,-0.11
2024-04-02 23:51:16.000,307,0.002902757619738752,0.0,-0.11,-0.22,-0.11
2024-04-02 23:51:16.000,130,0.0,0.0,-0.11,-0.22,-0.11
2024-04-02 23:51:31.000,307,0.0022883295194508014,0.0,-0.11,-0.22,-0.11
2024-04-02 23:51:31.000,130,0.03744493392070485,0.0,-0.11,-0.22,-0.11
2024-04-02 23:51:46.000,307,0.0,0.0,-0.11,-0.22,-0.11
2024-04-02 23:51:46.000,130,0.03744493392070485,0.0,-0.11,-0.22,-0.11
2024-04-02 23:52:01.000,305,0.0022883295194508014,0.0,-0.11,-0.22,-0.11
2024-04-02 23:52:01.000,130,0.039647577092511016,0.0,-0.11,-0.22,-0.11
2024-04-02 23:52:01.000,307,0.0022883295194508014,0.0,-0.11,-0.22,-0.11
2024-04-02 23:52:01.000,306,0.0028544243577545195,0.0,-0.11,-0.22,-0.11
2024-04-02 23:52:01.000,305,0.0019120458891013386,0.0,-0.11,-0.22,-0.11
2024-04-02 23:52:01.000,305,0.003276003276003276,0.0,-0.11,-0.22,-0.11
2024-04-02 23:52:01.000,128,0.0019157088122605363,0.0,-0.11,-0.22,-0.11
2024-04-02 23:52:01.000,128,0.002304147465437788,0.0,-0.11,-0.22,-0.11
2024-04-02 23:52:01.000,128,0.0014492753623188404,0.0,-0.11,-0.22,-0.11
2024-04-02 23:52:01.000,128,0.003891050583657589,0.0,-0.11,-0.22,-0.11
2024-04-02 23:52:11.000,594,0.0,0.0,-0.11,-0.22,-0.11
2024-04-02 23:52:16.000,307,0.0,0.0,-0.11,-0.22,-0.11
2024-04-02 23:52:16.000,130,0.0,0.0,-0.11,-0.22,-0.11
2024-04-02 23:52:21.000,598,0.0,0.0,-0.11,-0.22,-0.11
2024-04-02 23:52:31.000,307,0.0,0.0,-0.11,-0.22,-0.11
2024-04-02 23:52:31.000,130,0.0,0.0,-0.11,-0.22,-0.11
2024-04-02 23:52:46.000,307,0.0,0.0,-0.11,-0.22,-0.11
2024-04-02 23:52:46.000,130,0.03744493392070485,0.0,-0.11,-0.22,-0.11
2024-04-02 23:53:01.000,130,0.0,0.0,-0.11,-0.22,-0.11
2024-04-02 23:53:01.000,307,0.002293577981651377,0.0,-0.11,-0.22,-0.11
2024-04-02 23:53:01.000,306,0.008083140877598153,0.0,-0.11,-0.22,-0.11
2024-04-02 23:53:01.000,305,0.0019120458891013386,0.0,-0.11,-0.22,-0.11
2024-04-02 23:53:01.000,305,0.003276003276003276,0.0,-0.11,-0.22,-0.11
2024-04-02 23:53:01.000,128,0.0019157088122605363,0.0,-0.11,-0.22,-0.11
2024-04-02 23:53:01.000,128,0.002304147465437788,0.0,-0.11,-0.22,-0.11
2024-04-02 23:53:01.000,128,0.0014492753623188404,0.0,-0.11,-0.22,-0.11
2024-04-02 23:53:01.000,128,0.003891050583657589,0.0,-0.11,-0.22,-0.11
2024-04-02 23:53:01.000,305,0.0,0.0,-0.11,-0.22,-0.11
2024-04-02 23:53:16.000,307,0.002309468822170901,0.0,-0.11,-0.22,-0.11
2024-04-02 23:53:16.000,130,0.004576659038901603,0.0,-0.11,-0.22,-0.11
2024-04-02 23:53:31.000,130,0.004608294930875576,0.0,-0.11,-0.22,-0.11
2024-04-02 23:53:31.000,307,0.002293577981651377,0.0,-0.11,-0.22,-0.11
2024-04-02 23:53:46.000,130,0.005772005772005772,0.0,-0.11,-0.22,-0.11
2024-04-02 23:53:46.000,307,0.0,0.0,-0.11,-0.22,-0.11
2024-04-02 23:54:01.000,128,0.039647577092511016,0.0,-0.11,-0.22,-0.11
2024-04-02 23:54:01.000,128,0.005738880918220947,0.0,-0.11,-0.22,-0.11
2024-04-02 23:54:01.000,128,0.0014492753623188404,0.0,-0.11,-0.22,-0.11
2024-04-02 23:54:01.000,128,0.003891050583657589,0.0,-0.11,-0.22,-0.11
2024-04-02 23:54:01.000,305,0.0,0.0,-0.11,-0.22,-0.11
2024-04-02 23:54:01.000,305,0.0,0.0,-0.11,-0.22,-0.11
2024-04-02 23:54:01.000,305,0.0028680688336520078,0.0,-0.11,-0.22,-0.11
2024-04-02 23:54:01.000,306,0.001638001638001638,0.0,-0.11,-0.22,-0.11
2024-04-02 23:54:01.000,307,0.001638001638001638,0.0,-0.11,-0.22,-0.11
2024-04-02 23:54:01.000,130,0.0038314176245210726,0.0,-0.11,-0.22,-0.11
2024-04-02 23:54:16.000,307,0.0009532888465204957,0.0,-0.11,-0.22,-0.11
2024-04-02 23:54:16.000,130,0.03744493392070485,0.0,-0.11,-0.22,-0.11
2024-04-02 23:54:31.000,130,0.0,0.0,-0.11,-0.22,-0.11
2024-04-02 23:54:31.000,307,0.002293577981651377,0.0,-0.11,-0.22,-0.11
2024-04-02 23:54:46.000,307,0.009237875288683604,0.0,-0.11,-0.22,-0.11
2024-04-02 23:54:46.000,130,0.0,0.0,-0.11,-0.22,-0.11
2024-04-02 23:55:01.000,128,0.004608294930875576,0.0,-0.11,-0.22,-0.11
2024-04-02 23:55:01.000,128,0.04676753782668501,0.0,-0.11,-0.22,-0.11
2024-04-02 23:55:01.000,128,0.0,0.0,-0.11,-0.22,-0.11
2024-04-02 23:55:01.000,128,0.003891050583657589,0.0,-0.11,-0.22,-0.11
2024-04-02 23:55:01.000,305,0.0,0.0,-0.11,-0.22,-0.11
2024-04-02 23:55:01.000,305,0.0,0.0,-0.11,-0.22,-0.11
2024-04-02 23:55:01.000,305,0.0028680688336520078,0.0,-0.11,-0.22,-0.11
2024-04-02 23:55:01.000,306,0.001638001638001638,0.0,-0.11,-0.22,-0.11
2024-04-02 23:55:01.000,307,0.001638001638001638,0.0,-0.11,-0.22,-0.11
2024-04-02 23:55:01.000,130,0.0038314176245210726,0.0,-0.11,-0.22,-0.11
2024-04-02 23:55:16.000,307,0.0009532888465204957,0.0,-0.11,-0.22,-0.11
2024-04-02 23:55:16.000,130,0.03744493392070485,0.0,-0.11,-0.22,-0.11
2024-04-02 23:55:31.000,130,0.0,0.0,-0.11,-0.22,-0.11
2024-04-02 23:55:31.000,307,0.002293577981651377,0.0,-0.11,-0.22,-0.11
2024-04-02 23:55:35.000,594,0.0,0.0,-0.11,-0.22,-0.11
2024-04-02 23:55:45.000,598,0.0,0.0,-0.11,-0.22,-0.11
2024-04-02 23:55:46.000,307,0.10865561694290976,0.0,-0.11,-0.22,-0.11
2024-04-02 23:55:46.000,130,0.0,0.0,-0.11,-0.22,-0.11
2024-04-02 23:56:01.000,128,0.13338301043219075,0.0,-0.11,-0.22,-0.11
2024-04-02 23:56:01.000,128,0.04676753782668501,0.0,-0.11,-0.22,-0.11
2024-04-02 23:56:01.000,128,0.0,0.0,-0.11,-0.22,-0.11
2024-04-02 23:56:01.000,128,0.003891050583657589,0.0,-0.11,-0.22,-0.11
2024-04-02 23:56:01.000,305,0.0,0.0,-0.11,-0.22,-0.11
2024-04-02 23:56:01.000,305,0.0,0.0,-0.11,-0.22,-0.11
2024-04-02 23:56:01.000,306,0.003824091778202677,0.0,-0.11,-0.22,-0.11
2024-04-02 23:56:01.000,305,0.0,0.0,-0.11,-0.22,-0.11
2024-04-02 23:56:01.000,307,0.003276003276003276,0.0,-0.11,-0.22,-0.11
2024-04-02 23:56:01.000,130,0.0038314176245210726,0.0,-0.11,-0.22,-0.11
2024-04-02 23:56:16.000,307,0.0,0.0,-0.11,-0.22,-0.11
2024-04-02 23:56:16.000,130,0.03744493392070485,0.0,-0.11,-0.22,-0.11
2024-04-02 23:56:31.000,130,0.0,0.0,-0.11,-0.22,-0.11
2024-04-02 23:56:31.000,307,0.002293577981651377,0.0,-0.11,-0.22,-0.11
2024-04-02 23:56:46.000,307,0.009237875288683604,0.0,-0.11,-0.22,-0.11
2024-04-02 23:56:46.000,130,0.0,0.0,-0.11,-0.22,-0.11
2024-04-02 23:57:01.000,128,0.004608294930875576,0.0,-0.11,-0.22,-0.11
2024-04-02 23:57:01.000,128,0.04676753782668501,0.0,-0.11,-0.22,-0.11
2024-04-02 23:57:01.000,128,0.0,0.0,-0.11,-0.22,-0.11
2024-04-02 23:57:01.000,128,0.003891050583657589,0.0,-0.11,-0.22,-0.11
2024-04-02 23:57:01.000,305,0.0,0.0,-0.11,-0.22,-0.11
2024-04-02 23:57:01.000,305,0.0,0.0,-0.11,-0.22,-0.11
2024-04-02 23:57:01.000,305,0.0028680688336520078,0.0,-0.11,-0.22,-0.11
2024-04-02 23:57:01.000,306,0.001638001638001638,0.0,-0.11,-0.22,-0.11
2024-04-02 23:57:01.000,307,0.001638001638001638,0.0,-0.11,-0.22,-0.11
2024-04-02 23:57:01.000,130,0.0038314176245210726,0.0,-0.11,-0.22,-0.11
2024-04-02 23:57:12.000,211,0.09142857142857144,0.0,-0.11,-0.22,-0.11
2024-04-02 23:57:12.000,209,0.023894862604540025,0.0,-0.11,-0.22,-0.11
2024-04-02 23:57:12.000,210,0.035422343324250684,0.0,-0.11,-0.22,-0.11
2024-04-02 23:57:16.000,307,0.01958650707290533,0.0,-0.11,-0.22,-0.11
2024-04-02 23:57:16.000,130,0.011820330969267141,0.0,-0.11,-0.22,-0.11
2024-04-02 23:57:31.000,307,0.03967446592065107,0.0,-0.11,-0.22,-0.11
2024-04-02 23:57:31.000,130,0.03744493392070485,0.0,-0.11,-0.22,-0.11
2024-04-02 23:57:46.000,307,0.0,0.0,-0.11,-0.22,-0.11
2024-04-02 23:57:46.000,130,0.03744493392070485,0.0,-0.11,-0.22,-0.11
2024-04-02 23:58:01.000,305,0.0022883295194508014,0.0,-0.11,-0.22,-0.11
2024-04-02 23:58:01.000,130,0.039647577092511016,0.0,-0.11,-0.22,-0.11
2024-04-02 23:58:01.000,307,0.0022883295194508014,0.0,-0.11,-0.22,-0.11
2024-04-02 23:58:01.000,306,0.0028544243577545195,0.0,-0.11,-0.22,-0.11
2024-04-02 23:58:01.000,305,0.0019120458891013386,0.0,-0.11,-0.22,-0.11
2024-04-02 23:58:01.000,305,0.003276003276003276,0.0,-0.11,-0.22,-0.11
2024-04-02 23:58:01.000,128,0.0019157088122605363,0.0,-0.11,-0.22,-0.11
2024-04-02 23:58:01.000,128,0.002304147465437788,0.0,-0.11,-0.22,-0.11
2024-04-02 23:58:01.000,128,0.0014492753623188404,0.0,-0.11,-0.22,-0.11
2024-04-02 23:58:01.000,128,0.003891050583657589,0.0,-0.11,-0.22,-0.11
2024-04-02 23:58:16.000,307,0.002902757619738752,0.0,-0.11,-0.22,-0.11
2024-04-02 23:58:16.000,130,0.0,0.0,-0.11,-0.22,-0.11
2024-04-02 23:58:31.000,307,0.0022883295194508014,0.0,-0.11,-0.22,-0.11
2024-04-02 23:58:31.000,130,0.03744493392070485,0.0,-0.11,-0.22,-0.11
2024-04-02 23:58:46.000,307,0.0,0.0,-0.11,-0.22,-0.11
2024-04-02 23:58:46.000,130,0.03744493392070485,0.0,-0.11,-0.22,-0.11
2024-04-02 23:59:01.000,307,0.0,0.0,-0.11,-0.22,-0.11
2024-04-02 23:59:01.000,306,0.0009514747859181732,0.0,-0.11,-0.22,-0.11
2024-04-02 23:59:01.000,130,0.0011441647597254007,0.0,-0.11,-0.22,-0.11
2024-04-02 23:59:01.000,305,0.004766444232602479,0.0,-0.11,-0.22,-0.11
2024-04-02 23:59:01.000,305,0.004757373929590866,0.0,-0.11,-0.22,-0.11
2024-04-02 23:59:01.000,128,0.006864988558352402,0.0,-0.11,-0.22,-0.11
2024-04-02 23:59:01.000,128,0.002304147465437788,0.0,-0.11,-0.22,-0.11
2024-04-02 23:59:01.000,128,0.0014492753623188404,0.0,-0.11,-0.22,-0.11
2024-04-02 23:59:01.000,305,0.0,0.0,-0.11,-0.22,-0.11
2024-04-02 23:59:01.000,128,0.005772005772005772,0.0,-0.11,-0.22,-0.11
2024-04-02 23:59:16.000,307,0.006864988558352402,0.0,-0.11,-0.22,-0.11
2024-04-02 23:59:16.000,130,0.04185022026431718,0.0,-0.11,-0.22,-0.11
2024-04-02 23:59:31.000,307,0.0022883295194508014,0.0,-0.11,-0.22,-0.11
2024-04-02 23:59:31.000,130,0.03744493392070485,0.0,-0.11,-0.22,-0.11
2024-04-02 23:59:43.000,384,0.08810068649885583,0.0,-0.11,-0.22,-0.11
2024-04-02 23:59:43.000,463,0.0,0.0,-0.11,-0.22,-0.11
2024-04-02 23:59:43.000,587,0.0,0.0,-0.11,-0.22,-0.11
2024-04-02 23:59:46.000,307,0.0,0.0,-0.11,-0.22,-0.11
2024-04-02 23:59:46.000,130,0.08717004297114794,0.0,-0.11,-0.22,-0.11
2024-04-02 23:59:53.000,590,0.0,0.0,-0.11,-0.22,-0.11
2024-04-02 23:59:53.000,589,0.007980356046654391,0.0,-0.11,-0.22,-0.11
2024-04-02 23:59:53.000,588,0.0,0.0,-0.11,-0.22,-0.11
2024-04-03 00:00:01.000,305,0.0,0.0,-0.11,-0.22,-0.11
2024-04-03 00:00:01.000,307,0.1190914671577655,0.0,-0.11,-0.22,-0.11
2024-04-03 00:00:01.000,306,0.14157973174366614,0.0,-0.11,-0.22,-0.11
2024-04-03 00:00:01.000,130,0.0038314176245210726,0.0,-0.11,-0.22,-0.11
2024-04-03 00:00:01.000,305,0.004766444232602479,0.0,-0.11,-0.22,-0.11
2024-04-03 00:00:01.000,128,0.042951541850220265,0.0,-0.11,-0.22,-0.11
2024-04-03 00:00:01.000,128,0.00860832137733142,0.0,-0.11,-0.22,-0.11
2024-04-03 00:00:01.000,128,0.0014492753623188404,0.0,-0.11,-0.22,-0.11
2024-04-03 00:00:01.000,128,0.003891050583657589,0.0,-0.11,-0.22,-0.11
2024-04-03 00:00:01.000,305,0.0,0.0,-0.11,-0.22,-0.11
2024-04-03 00:00:12.000,290,0.017321016166281754,0.0,-0.11,-0.22,-0.11
2024-04-03 00:00:12.000,291,0.030592734225621414,0.0,-0.11,-0.22,-0.11
2024-04-03 00:00:13.000,284,0.04176904176904177,0.0,-0.11,-0.22,-0.11
2024-04-03 00:00:14.000,292,0.05241605241605242,0.0,-0.11,-0.22,-0.11
2024-04-03 00:00:14.000,257,0.07944307944307945,0.0,-0.11,-0.22,-0.11
2024-04-03 00:00:16.000,307,0.0678659035159444,0.0,-0.11,-0.22,-0.11
2024-04-03 00:00:16.000,130,0.05916030534351145,0.0,-0.11,-0.22,-0.11
2024-04-03 00:00:16.000,257,0.09342230695900858,0.0,-0.11,-0.22,-0.11
2024-04-03 00:00:16.000,293,0.059103908484270724,0.0,-0.11,-0.22,-0.11
2024-04-03 00:00:31.000,307,0.0601145038167939,0.0,-0.11,-0.22,-0.11
2024-04-03 00:00:31.000,130,0.058206106870229014,0.0,-0.11,-0.22,-0.11
2024-04-03 00:00:46.000,307,0.011439466158245948,0.0,-0.11,-0.22,-0.11
2024-04-03 00:00:46.000,130,0.03744493392070485,0.0,-0.11,-0.22,-0.11
2024-04-03 00:01:01.000,130,0.0,0.0,-0.11,-0.22,-0.11
2024-04-03 00:01:01.000,307,0.002293577981651377,0.0,-0.11,-0.22,-0.11
2024-04-03 00:01:01.000,306,0.008083140877598153,0.0,-0.11,-0.22,-0.11
2024-04-03 00:01:01.000,305,0.0019120458891013386,0.0,-0.11,-0.22,-0.11
2024-04-03 00:01:01.000,305,0.003276003276003276,0.0,-0.11,-0.22,-0.11
2024-04-03 00:01:01.000,128,0.0019157088122605363,0.0,-0.11,-0.22,-0.11
2024-04-03 00:01:01.000,128,0.002304147465437788,0.0,-0.11,-0.22,-0.11
2024-04-03 00:01:01.000,128,0.0014492753623188404,0.0,-0.11,-0.22,-0.11
2024-04-03 00:01:01.000,128,0.003891050583657589,0.0,-0.11,-0.22,-0.11
2024-04-03 00:01:01.000,305,0.0,0.0,-0.11,-0.22,-0.11
2024-04-03 00:01:16.000,307,0.002309468822170901,0.0,-0.11,-0.22,-0.11
2024-04-03 00:01:16.000,130,0.004576659038901603,0.0,-0.11,-0.22,-0.11
2024-04-03 00:01:31.000,307,0.0,0.0,-0.11,-0.22,-0.11
2024-04-03 00:01:31.000,130,0.03744493392070485,0.0,-0.11,-0.22,-0.11
2024-04-03 00:01:46.000,307,0.0,0.0,-0.11,-0.22,-0.11
2024-04-03 00:01:46.000,130,0.03744493392070485,0.0,-0.11,-0.22,-0.11
2024-04-03 00:02:01.000,305,0.0022883295194508014,0.0,-0.11,-0.22,-0.11
2024-04-03 00:02:01.000,130,0.039647577092511016,0.0,-0.11,-0.22,-0.11
2024-04-03 00:02:01.000,307,0.0022883295194508014,0.0,-0.11,-0.22,-0.11
2024-04-03 00:02:01.000,306,0.0028544243577545195,0.0,-0.11,-0.22,-0.11
2024-04-03 00:02:01.000,305,0.0019120458891013386,0.0,-0.11,-0.22,-0.11
2024-04-03 00:02:01.000,128,0.0038314176245210726,0.0,-0.11,-0.22,-0.11
2024-04-03 00:02:01.000,128,0.0034562211981566822,0.0,-0.11,-0.22,-0.11
2024-04-03 00:02:01.000,128,0.0014492753623188404,0.0,-0.11,-0.22,-0.11
2024-04-03 00:02:01.000,305,0.0,0.0,-0.11,-0.22,-0.11
2024-04-03 00:02:01.000,128,0.005772005772005772,0.0,-0.11,-0.22,-0.11
2024-04-03 00:02:16.000,307,0.006864988558352402,0.0,-0.11,-0.22,-0.11
2024-04-03 00:02:16.000,130,0.04185022026431718,0.0,-0.11,-0.22,-0.11
2024-04-03 00:02:23.000,197,0.0,0.0,-0.11,-0.22,-0.11
2024-04-03 00:02:23.000,144,0.07048984468339307,0.0,-0.11,-0.22,-0.11
2024-04-03 00:02:23.000,143,0.0,0.0,-0.11,-0.22,-0.11
2024-04-03 00:02:23.000,205,0.13333333333333333,0.0,-0.11,-0.22,-0.11
2024-04-03 00:02:23.000,204,0.09492847854356308,0.0,-0.11,-0.22,-0.11
2024-04-03 00:02:23.000,203,0.04791929382093316,0.0,-0.11,-0.22,-0.11
2024-04-03 00:02:23.000,143,0.06674907292954264,0.0,-0.11,-0.22,-0.11
2024-04-03 00:02:24.000,624,0.0,0.0,-0.11,-0.22,-0.11
2024-04-03 00:02:24.000,130,0.0,0.0,-0.11,-0.22,-0.11
2024-04-03 00:02:24.000,128,0.0,0.0,-0.11,-0.22,-0.11
2024-04-03 00:02:24.000,198,0.0,0.0,-0.11,-0.22,-0.11
2024-04-03 00:02:24.000,145,0.0,0.0,-0.11,-0.22,-0.11
2024-04-03 00:02:24.000,143,0.0,0.0,-0.11,-0.22,-0.11
2024-04-03 00:02:24.000,518,0.0,0.0,-0.11,-0.22,-0.11
2024-04-03 00:02:24.000,143,0.0,0.0,-0.11,-0.22,-0.11
2024-04-03 00:02:26.000,198,0.0,0.0,-0.11,-0.22,-0.11
2024-04-03 00:02:28.000,145,0.0,0.0,-0.11,-0.22,-0.11
2024-04-03 00:02:28.000,130,0.0,0.0,-0.11,-0.22,-0.11
2024-04-03 00:02:28.000,128,0.0,0.0,-0.11,-0.22,-0.11
2024-04-03 00:02:28.000,624,0.0,0.0,-0.11,-0.22,-0.11
2024-04-03 00:02:28.000,143,0.0,0.0,-0.11,-0.22,-0.11
2024-04-03 00:02:28.000,143,0.0,0.0,-0.11,-0.22,-0.11
2024-04-03 00:02:28.000,200,0.0,0.0,-0.11,-0.22,-0.11
2024-04-03 00:02:28.000,144,0.0,0.0,-0.11,-0.22,-0.11
2024-04-03 00:02:28.000,205,0.10354223433242507,0.0,-0.11,-0.22,-0.11
2024-04-03 00:02:28.000,204,0.0754226267880364,0.0,-0.11,-0.22,-0.11
2024-04-03 00:02:28.000,203,0.04665825977301387,0.0,-0.11,-0.22,-0.11
2024-04-03 00:02:28.000,143,0.06674907292954264,0.0,-0.11,-0.22,-0.11
2024-04-03 00:02:28.000,143,0.1433868974042027,0.0,-0.11,-0.22,-0.11
2024-04-03 00:02:28.000,197,0.1371069182389937,0.0,-0.11,-0.22,-0.11
2024-04-03 00:02:29.000,200,0.10490463215258856,0.0,-0.11,-0.22,-0.11
2024-04-03 00:02:30.000,130,0.1226158038147139,0.0,-0.11,-0.22,-0.11
2024-04-03 00:02:30.000,128,0.0,0.0,-0.11,-0.22,-0.11
2024-04-03 00:02:30.000,624,0.0,0.0,-0.11,-0.22,-0.11
2024-04-03 00:02:30.000,140,0.0,0.0,-0.11,-0.22,-0.11
2024-04-03 00:02:31.000,307,0.0,0.0,-0.11,-0.22,-0.11
2024-04-03 00:02:31.000,130,0.0,0.0,-0.11,-0.22,-0.11
2024-04-03 00:02:33.000,128,0.01721664275466284,0.0,-0.11,-0.22,-0.11
2024-04-03 00:02:33.000,143,0.02608695652173913,0.0,-0.11,-0.22,-0.11
2024-04-03 00:02:33.000,145,0.0622568093385214,0.0,-0.11,-0.22,-0.11
2024-04-03 00:02:33.000,201,0.0,0.0,-0.11,-0.22,-0.11
2024-04-03 00:02:33.000,130,0.0,0.0,-0.11,-0.22,-0.11
2024-04-03 00:02:33.000,624,0.0,0.0,-0.11,-0.22,-0.11
2024-04-03 00:02:33.000,143,0.0,0.0,-0.11,-0.22,-0.11
2024-04-03 00:02:33.000,143,0.0,0.0,-0.11,-0.22,-0.11
2024-04-03 00:02:33.000,203,0.0,0.0,-0.11,-0.22,-0.11
2024-04-03 00:02:33.000,204,0.09128065395095368,0.0,-0.11,-0.22,-0.11
2024-04-03 00:02:33.000,144,0.10899182561307902,0.0,-0.11,-0.22,-0.11
2024-04-03 00:02:33.000,197,0.0754017305315204,0.0,-0.11,-0.22,-0.11
2024-04-03 00:02:33.000,143,0.14956736711990112,0.0,-0.11,-0.22,-0.11
2024-04-03 00:02:33.000,205,0.10217983651226158,0.0,-0.11,-0.22,-0.11
2024-04-03 00:02:34.000,624,0.0,0.0,-0.11,-0.22,-0.11
2024-04-03 00:02:34.000,128,0.0,0.0,-0.11,-0.22,-0.11
2024-04-03 00:02:34.000,130,0.0,0.0,-0.11,-0.22,-0.11
2024-04-03 00:02:35.000,201,0.0,0.0,-0.11,-0.22,-0.11
2024-04-03 00:02:39.000,624,0.0,0.0,-0.11,-0.22,-0.11
2024-04-03 00:02:39.000,128,0.0,0.0,-0.11,-0.22,-0.11
2024-04-03 00:02:39.000,130,0.0,0.0,-0.11,-0.22,-0.11
2024-04-03 00:02:46.000,130,0.0,0.0,-0.11,-0.22,-0.11
2024-04-03 00:02:46.000,307,0.008708272859216255,0.0,-0.11,-0.22,-0.11
2024-04-03 00:03:01.000,128,0.008658008658008658,0.0,-0.11,-0.22,-0.11
2024-04-03 00:03:01.000,128,0.005738880918220947,0.0,-0.11,-0.22,-0.11
2024-04-03 00:03:01.000,128,0.04951856946354883,0.0,-0.11,-0.22,-0.11
2024-04-03 00:03:01.000,305,0.0,0.0,-0.11,-0.22,-0.11
2024-04-03 00:03:01.000,306,0.0011547344110854505,0.0,-0.11,-0.22,-0.11
2024-04-03 00:03:01.000,305,0.003824091778202677,0.0,-0.11,-0.22,-0.11
2024-04-03 00:03:01.000,305,0.001638001638001638,0.0,-0.11,-0.22,-0.11
2024-04-03 00:03:01.000,307,0.003276003276003276,0.0,-0.11,-0.22,-0.11
2024-04-03 00:03:01.000,130,0.002873563218390805,0.0,-0.11,-0.22,-0.11
2024-04-03 00:03:01.000,128,0.002304147465437788,0.0,-0.11,-0.22,-0.11
2024-04-03 00:03:16.000,307,0.0,0.0,-0.11,-0.22,-0.11
2024-04-03 00:03:16.000,130,0.002886002886002886,0.0,-0.11,-0.22,-0.11
2024-04-03 00:03:18.000,594,0.13313388182498131,0.0,-0.11,-0.22,-0.11
2024-04-03 00:03:28.000,598,0.0,0.0,-0.11,-0.22,-0.11
2024-04-03 00:03:31.000,130,0.10865561694290976,0.0,-0.11,-0.22,-0.11
2024-04-03 00:03:31.000,307,0.0,0.0,-0.11,-0.22,-0.11
2024-04-03 00:03:46.000,307,0.0,0.0,-0.11,-0.22,-0.11
2024-04-03 00:03:46.000,130,0.0,0.0,-0.11,-0.22,-0.11
2024-04-03 00:04:00.999,128,0.004608294930875576,1.0,1.0,1.0,1.0
2024-04-03 00:04:01.000,128,0.004347826086956522,1.0,0.9998456434565676,0.9998456434565676,0.9998456434565675
2024-04-03 00:04:01.000,128,0.0,1.0,0.9996895428878758,0.9996895428878758,0.9996895428878758
2024-04-03 00:04:01.000,306,0.001451378809869376,1.0,0.9995316788656576,0.9995316788656576,0.9995316788656576
2024-04-03 00:04:01.000,305,0.0011547344110854505,1.0,0.9993720317515524,0.9993720317515524,0.9993720317515524
2024-04-03 00:04:01.000,305,0.0019120458891013386,1.0,0.999210581694978,0.999210581694978,0.9992105816949781
2024-04-03 00:04:01.000,128,0.0019157088122605363,1.0,0.9990473086309888,0.9990473086309888,0.9990473086309889
2024-04-03 00:04:01.000,305,0.005719733079122974,1.0,0.9988821922781098,0.9988821922781098,0.9988821922781098
2024-04-03 00:04:01.000,307,0.005708848715509039,1.0,0.998715212136158,0.9987152121361579,0.998715212136158
2024-04-03 00:04:01.000,130,0.004576659038901603,1.0,0.9985463474840408,0.9985463474840408,0.9985463474840409
2024-04-03 00:04:01.008,426,0.113441372735939,1.0,0.9983755773775398,0.9983755773775398,0.9983755773775398
2024-04-03 00:04:16.000,130,0.09361233480176212,1.0,0.9982028806470749,0.9982028806470749,0.998202880647075
2024-04-03 00:04:16.000,307,0.09361233480176212,1.0,0.9980282358954476,0.9980282358954476,0.9980282358954475
2024-04-03 00:04:31.000,307,0.1132254995242626,1.0,0.9978516214955672,0.9978516214955672,0.9978516214955673
2024-04-03 00:04:31.000,130,0.0,1.0,0.9976730155881628,0.9976730155881628,0.9976730155881629
2024-04-03 00:04:46.000,307,0.0019065776930409914,1.0,0.9974923960794662,0.9974923960794662,0.9974923960794662
2024-04-03 00:04:46.000,130,0.03744493392070485,1.0,0.9973097406388879,0.997309740638888,0.9973097406388879
2024-04-03 00:05:01.000,307,0.0,1.0,0.9971250266966664,0.9971250266966664,0.9971250266966663
2024-04-03 00:05:01.000,128,0.039647577092511016,1.0,0.9969382314414992,0.9969382314414992,0.9969382314414993
2024-04-03 00:05:01.000,128,0.005738880918220947,1.0,0.9967493318181608,0.9967493318181608,0.9967493318181609
2024-04-03 00:05:01.000,128,0.04951856946354883,1.0,0.9965583045250936,0.9965583045250936,0.9965583045250935
2024-04-03 00:05:01.000,128,0.003891050583657589,1.0,0.9963651260119862,0.9963651260119862,0.9963651260119862
2024-04-03 00:05:01.000,305,0.0,1.0,0.9961697724773296,0.9961697724773296,0.9961697724773297
2024-04-03 00:05:01.000,306,0.0011547344110854505,1.0,0.9959722198659564,0.9959722198659564,0.9959722198659563
2024-04-03 00:05:01.000,305,0.003824091778202677,1.0,0.9957724438665556,0.9957724438665556,0.9957724438665557
2024-04-03 00:05:01.000,305,0.001638001638001638,1.0,0.9955704199091788,0.9955704199091788,0.9955704199091789
2024-04-03 00:05:01.000,130,0.0038314176245210726,1.0,0.9953661231627152,0.9953661231627152,0.9953661231627153
2024-04-03 00:05:16.000,130,0.0069124423963133645,1.0,0.9951595285323568,0.9951595285323568,0.9951595285323567
2024-04-03 00:05:16.000,307,0.004587155963302753,1.0,0.994950610657038,0.9949506106570379,0.994950610657038
2024-04-03 00:05:31.000,307,0.009237875288683604,1.0,0.9947393439068614,0.9947393439068614,0.9947393439068614
2024-04-03 00:05:31.000,130,0.0,1.0,0.994525702380502,0.9945257023805021,0.994525702380502
2024-04-03 00:05:46.000,307,0.0019065776930409914,1.0,0.9943096599025896,0.9943096599025896,0.9943096599025895
2024-04-03 00:05:46.000,130,0.03744493392070485,1.0,0.9940911900210778,0.9940911900210778,0.9940911900210778
2024-04-03 00:06:01.000,130,0.0,1.0,0.9938702660045888,0.9938702660045888,0.9938702660045889
2024-04-03 00:06:01.000,307,0.002293577981651377,1.0,0.9936468608397436,0.9936468608397436,0.9936468608397436
2024-04-03 00:06:01.000,305,0.006928406466512702,1.0,0.9934209472284676,0.9934209472284676,0.9934209472284676
2024-04-03 00:06:01.000,306,0.0019120458891013386,1.0,0.9931924975852832,0.9931924975852832,0.9931924975852833
2024-04-03 00:06:01.000,305,0.001638001638001638,1.0,0.9929614840345784,0.9929614840345784,0.9929614840345785
2024-04-03 00:06:01.000,128,0.0019157088122605363,1.0,0.992727878407859,0.992727878407859,0.992727878407859
2024-04-03 00:06:01.000,128,0.0034562211981566822,1.0,0.992491652240984,0.992491652240984,0.9924916522409839
2024-04-03 00:06:01.000,128,0.0014492753623188404,1.0,0.9922527767713742,0.9922527767713742,0.9922527767713742
2024-04-03 00:06:01.000,128,0.003891050583657589,1.0,0.9920112229352124,0.9920112229352124,0.9920112229352125
2024-04-03 00:06:01.000,305,0.0,1.0,0.9917669613646172,0.9917669613646172,0.9917669613646173
2024-04-03 00:06:01.008,426,0.13709677419354838,1.0,0.9915199623848016,0.9915199623848016,0.9915199623848016
2024-04-03 00:06:16.000,307,0.116412213740458,1.0,0.991270196011211,0.991270196011211,0.991270196011211
2024-04-03 00:06:16.000,130,0.11450381679389313,1.0,0.9910176319466448,0.9910176319466448,0.9910176319466447
2024-04-03 00:06:31.000,307,0.1132254995242626,1.0,0.990762239578358,0.990762239578358,0.990762239578358
2024-04-03 00:06:31.000,130,0.03744493392070485,1.0,0.9905039879751456,0.9905039879751456,0.9905039879751457
2024-04-03 00:06:46.000,307,0.0,1.0,0.9902428458844056,0.9902428458844056,0.9902428458844057
2024-04-03 00:06:47.000,130,0.03744493392070485,1.0,0.9899787817291904,0.9899787817291904,0.9899787817291903
2024-04-03 00:07:01.000,306,0.0011441647597254007,1.0,0.9897117636052322,0.9897117636052322,0.9897117636052322
2024-04-03 00:07:01.000,307,0.0009514747859181732,1.0,0.9894417592779564,0.9894417592779564,0.9894417592779563
2024-04-03 00:07:01.000,305,0.0019120458891013386,1.0,0.9891687361794756,0.9891687361794756,0.9891687361794755
2024-04-03 00:07:01.000,305,0.003276003276003276,1.0,0.9888926614055641,0.988892661405564,0.9888926614055641
2024-04-03 00:07:01.000,130,0.004789272030651341,1.0,0.9886135017126164,0.9886135017126164,0.9886135017126163
2024-04-03 00:07:01.000,128,0.004608294930875576,1.0,0.9883312235145908,0.9883312235145908,0.9883312235145908
2024-04-03 00:07:01.000,128,0.04951856946354883,1.0,0.9880457928799302,0.9880457928799302,0.9880457928799302
2024-04-03 00:07:01.000,128,0.0,1.0,0.9877571755284712,0.9877571755284712,0.9877571755284712
2024-04-03 00:07:01.000,128,0.003891050583657589,1.0,0.9874653368283344,0.9874653368283344,0.9874653368283343
2024-04-03 00:07:01.000,305,0.0,1.0,0.987170241792796,0.987170241792796,0.987170241792796
2024-04-03 00:07:16.000,307,0.002309468822170901,1.0,0.9868718550771473,0.9868718550771473,0.9868718550771471
2024-04-03 00:07:16.000,130,0.004576659038901603,1.0,0.9865701409755336,0.9865701409755336,0.9865701409755336
2024-04-03 00:07:18.000,197,0.07931034482758621,1.0,0.9862650634177828,0.9862650634177828,0.9862650634177829
2024-04-03 00:07:18.000,205,0.0023894862604540022,1.0,0.9859565859662104,0.9859565859662104,0.9859565859662104
2024-04-03 00:07:18.000,203,0.004087193460490463,1.0,0.9856446718124156,0.9856446718124156,0.9856446718124157
2024-04-03 00:07:18.000,204,0.019777503090234856,1.0,0.98532928377406,0.98532928377406,0.9853292837740599
2024-04-03 00:07:28.000,341,0.008465608465608466,1.0,0.9850103842916308,0.9850103842916308,0.9850103842916309
2024-04-03 00:07:31.000,307,0.14798694232861806,1.0,0.9846879354251894,0.9846879354251894,0.9846879354251894
2024-04-03 00:07:31.000,130,0.12356979405034325,1.0,0.984361898851107,0.984361898851107,0.984361898851107
2024-04-03 00:07:46.000,307,0.03431839847473785,1.0,0.9840322358587836,0.9840322358587836,0.9840322358587836
2024-04-03 00:07:46.000,130,0.03744493392070485,1.0,0.9836989073473555,0.9836989073473555,0.9836989073473555
2024-04-03 00:08:01.000,305,0.0022883295194508014,1.0,0.9833618738223892,0.9833618738223892,0.9833618738223893
2024-04-03 00:08:01.000,305,0.003805899143672693,1.0,0.9830210953925594,0.9830210953925594,0.9830210953925594
2024-04-03 00:08:01.000,305,0.0009560229445506693,1.0,0.982676531766318,0.982676531766318,0.9826765317663181
2024-04-03 00:08:01.000,306,0.001638001638001638,1.0,0.9823281422485496,0.9823281422485496,0.9823281422485496
2024-04-03 00:08:01.000,128,0.0,1.0,0.9819758857372116,0.9819758857372116,0.9819758857372116
2024-04-03 00:08:01.000,128,0.001152073732718894,1.0,0.9816197207199688,0.9816197207199688,0.9816197207199687
2024-04-03 00:08:01.000,128,0.0,1.0,0.9812596052708108,0.9812596052708108,0.9812596052708109
2024-04-03 00:08:01.000,128,0.003891050583657589,1.0,0.9808954970466623,0.9808954970466623,0.9808954970466625
2024-04-03 00:08:02.000,307,0.002902757619738752,1.0,0.9805273532839832,0.9805273532839832,0.9805273532839832
2024-04-03 00:08:02.000,130,0.0,1.0,0.9801551307953542,0.9801551307953542,0.9801551307953542
2024-04-03 00:08:17.000,307,0.0022883295194508014,1.0,0.9797787859660598,0.9797787859660598,0.9797787859660598
2024-04-03 00:08:17.000,130,0.03744493392070485,1.0,0.979398274750658,0.979398274750658,0.979398274750658
2024-04-03 00:08:32.000,307,0.0,1.0,0.9790135526695408,0.9790135526695408,0.9790135526695407
2024-04-03 00:08:32.000,130,0.03744493392070485,1.0,0.9786245748054891,0.9786245748054891,0.9786245748054893
2024-04-03 00:08:47.000,307,0.0,1.0,0.9782312958002216,0.9782312958002216,0.9782312958002217
2024-04-03 00:08:47.000,130,0.03744493392070485,1.0,0.9778336698509316,0.9778336698509316,0.9778336698509317
2024-04-03 00:09:01.000,306,0.0011441647597254007,1.0,0.9774316507068224,0.9774316507068224,0.9774316507068223
2024-04-03 00:09:01.000,130,0.03854625550660793,1.0,0.9770251916656341,0.977025191665634,0.9770251916656341
2024-04-03 00:09:01.000,307,0.0011441647597254007,1.0,0.9766142455701688,0.9766142455701688,0.9766142455701687
2024-04-03 00:09:01.000,305,0.0028544243577545195,1.0,0.9761987648048052,0.9761987648048052,0.9761987648048052
2024-04-03 00:09:01.000,305,0.0009560229445506693,1.0,0.9757787012920176,0.9757787012920176,0.9757787012920177
2024-04-03 00:09:01.000,128,0.002873563218390805,1.0,0.9753540064888832,0.9753540064888832,0.9753540064888832
2024-04-03 00:09:01.000,128,0.002304147465437788,1.0,0.9749246313835936,0.9749246313835936,0.9749246313835935
2024-04-03 00:09:01.000,128,0.0014492753623188404,1.0,0.9744905264919606,0.9744905264919606,0.9744905264919606
2024-04-03 00:09:01.000,128,0.003891050583657589,1.0,0.9740516418539228,0.9740516418539228,0.9740516418539229
2024-04-03 00:09:01.000,305,0.0,1.0,0.9736079270300526,0.9736079270300526,0.9736079270300526
2024-04-03 00:09:16.000,307,0.002309468822170901,1.0,0.9731593310980596,0.9731593310980596,0.9731593310980595
2024-04-03 00:09:16.000,130,0.004576659038901603,1.0,0.9727058026493001,0.9727058026493,0.9727058026493001
2024-04-03 00:09:31.000,307,0.0,1.0,0.9722472897852876,0.9722472897852876,0.9722472897852877
2024-04-03 00:09:31.000,130,0.03744493392070485,1.0,0.971783740114202,0.9717837401142021,0.971783740114202
2024-04-03 00:09:46.000,307,0.0,1.0,0.971315100747408,0.971315100747408,0.9713151007474081
2024-04-03 00:09:46.000,130,0.03744493392070485,1.0,0.9708413182959768,0.9708413182959768,0.9708413182959768
2024-04-03 00:10:01.000,130,0.0,1.0,0.9703623388672104,0.9703623388672104,0.9703623388672104
2024-04-03 00:10:01.000,307,0.002293577981651377,1.0,0.9698781080611748,0.9698781080611748,0.9698781080611749
2024-04-03 00:10:01.000,306,0.008083140877598153,1.0,0.9693885709672412,0.9693885709672412,0.9693885709672412
2024-04-03 00:10:01.000,305,0.0019120458891013386,1.0,0.9688936721606336,0.9688936721606336,0.9688936721606336
2024-04-03 00:10:01.000,305,0.003276003276003276,1.0,0.9683933556989878,0.9683933556989878,0.9683933556989878
2024-04-03 00:10:01.000,128,0.0019157088122605363,1.0,0.9678875651189196,0.9678875651189196,0.9678875651189196
2024-04-03 00:10:01.000,128,0.002304147465437788,1.0,0.9673762434326032,0.9673762434326032,0.9673762434326033
2024-04-03 00:10:01.000,128,0.0014492753623188404,1.0,0.966859333124366,0.966859333124366,0.9668593331243661
2024-04-03 00:10:01.000,128,0.003891050583657589,1.0,0.9663367761472932,0.9663367761472932,0.9663367761472932
2024-04-03 00:10:01.000,305,0.0,1.0,0.9658085139198496,0.9658085139198496,0.9658085139198496
2024-04-03 00:10:16.000,307,0.002309468822170901,1.0,0.9652744873225152,0.9652744873225152,0.9652744873225151
2024-04-03 00:10:16.000,130,0.004576659038901603,1.0,0.964734636694442,0.964734636694442,0.964734636694442
2024-04-03 00:10:31.000,307,0.0,1.0,0.9641889018301244,0.9641889018301244,0.9641889018301243
2024-04-03 00:10:31.000,130,0.03744493392070485,1.0,0.963637221976092,0.963637221976092,0.9636372219760921
2024-04-03 00:10:46.000,307,0.0,1.0,0.9630795358276232,0.9630795358276232,0.9630795358276232
2024-04-03 00:10:46.000,130,0.03744493392070485,1.0,0.9625157815254796,0.9625157815254796,0.9625157815254797
2024-04-03 00:11:01.000,305,0.0022883295194508014,1.0,0.9619458966526676,0.9619458966526676,0.9619458966526676
2024-04-03 00:11:01.000,130,0.039647577092511016,1.0,0.9613698182312188,0.9613698182312188,0.9613698182312188
2024-04-03 00:11:01.000,307,0.0022883295194508014,1.0,0.9607874827190044,0.9607874827190044,0.9607874827190045
2024-04-03 00:11:01.000,306,0.0028544243577545195,1.0,0.9601988260065708,0.9601988260065709,0.960198826006571
2024-04-03 00:11:01.000,305,0.0019120458891013386,1.0,0.9596037834140096,0.9596037834140096,0.9596037834140095
2024-04-03 00:11:01.000,128,0.0038314176245210726,1.0,0.9590022896878522,0.9590022896878522,0.9590022896878522
2024-04-03 00:11:01.000,128,0.0034562211981566822,1.0,0.9583942789980072,0.9583942789980072,0.9583942789980072
2024-04-03 00:11:01.000,128,0.0014492753623188404,1.0,0.95777968493472,0.95777968493472,0.95777968493472
2024-04-03 00:11:01.000,128,0.003891050583657589,1.0,0.957158440505575,0.957158440505575,0.957158440505575
2024-04-03 00:11:01.000,305,0.0,1.0,0.956530478132534,0.956530478132534,0.9565304781325341
2024-04-03 00:11:01.008,426,0.13709677419354838,1.0,0.9558957296490136,0.9558957296490136,0.9558957296490136
2024-04-03 00:11:04.000,384,1.0,1.0,0.9552541262970008,0.9552541262970008,0.9552541262970009
2024-04-03 00:11:04.000,463,1.0,1.0,0.9546055987242148,0.9546055987242148,0.9546055987242147
2024-04-03 00:11:06.000,587,1.0,1.0,0.9539500769813088,0.9539500769813088,0.9539500769813087
2024-04-03 00:11:16.000,590,0.0,1.0,0.9532874905191238,0.9532874905191238,0.9532874905191238
2024-04-03 00:11:16.000,589,0.0,1.0,0.9526177681859832,0.9526177681859832,0.9526177681859832
2024-04-03 00:11:16.000,588,0.0,1.0,0.9519408382250426,0.9519408382250426,0.9519408382250426
2024-04-03 00:11:16.000,307,0.0,1.0,0.9512566282716898,0.9512566282716898,0.9512566282716898
2024-04-03 00:11:16.000,130,0.009208103130755063,1.0,0.9505650653509978,0.9505650653509978,0.9505650653509978
2024-04-03 00:11:31.000,307,0.00745156482861401,1.0,0.9498660758752344,0.9498660758752344,0.9498660758752345
2024-04-03 00:11:31.000,130,0.03744493392070485,1.0,0.9491595856414308,0.9491595856414308,0.9491595856414308
2024-04-03 00:11:46.000,307,0.0,1.0,0.9484455198290058,0.9484455198290058,0.9484455198290058
2024-04-03 00:11:46.000,130,0.03744493392070485,1.0,0.9477238029974608,0.9477238029974608,0.9477238029974607
2024-04-03 00:12:01.000,306,0.0011441647597254007,1.0,0.9469943590841284,0.9469943590841284,0.9469943590841283
2024-04-03 00:12:01.000,130,0.03854625550660793,1.0,0.9462571114019966,0.9462571114019966,0.9462571114019966
2024-04-03 00:12:01.000,307,0.0011441647597254007,1.0,0.9455119826375972,0.9455119826375972,0.9455119826375972
2024-04-03 00:12:01.000,305,0.0028544243577545195,1.0,0.9447588948489664,0.9447588948489664,0.9447588948489665
2024-04-03 00:12:01.000,305,0.0009560229445506693,1.0,0.9439977694636816,0.9439977694636816,0.9439977694636816
2024-04-03 00:12:01.000,128,0.002873563218390805,1.0,0.9432285272769684,0.9432285272769684,0.9432285272769683
2024-04-03 00:12:01.000,128,0.002304147465437788,1.0,0.9424510884498918,0.9424510884498918,0.9424510884498918
2024-04-03 00:12:01.000,128,0.0014492753623188404,1.0,0.9416653725076268,0.9416653725076268,0.9416653725076268
2024-04-03 00:12:01.000,305,0.0,1.0,0.9408712983378108,0.9408712983378108,0.9408712983378108
2024-04-03 00:12:01.000,128,0.005772005772005772,1.0,0.9400687841889842,0.9400687841889842,0.9400687841889842
2024-04-03 00:12:16.000,307,0.006864988558352402,1.0,0.9392577476691184,0.9392577476691184,0.9392577476691185
2024-04-03 00:12:16.000,130,0.04185022026431718,1.0,0.938438105744237,0.938438105744237,0.938438105744237
2024-04-03 00:12:31.000,307,0.0022883295194508014,1.0,0.9376097747371293,0.9376097747371293,0.9376097747371293
2024-04-03 00:12:31.000,130,0.03744493392070485,1.0,0.9367726703261622,0.9367726703261622,0.9367726703261622
2024-04-03 00:12:46.000,307,0.0,1.0,0.9359267075441896,0.9359267075441896,0.9359267075441897
2024-04-03 00:12:46.000,130,0.03744493392070485,1.0,0.9350718007775712,0.9350718007775712,0.9350718007775711
2024-04-03 00:13:01.000,130,0.0,1.0,0.9342078637652856,0.9342078637652856,0.9342078637652855
2024-04-03 00:13:01.000,307,0.002293577981651377,1.0,0.9333348095981636,0.9333348095981636,0.9333348095981637
2024-04-03 00:13:01.000,305,0.006928406466512702,1.0,0.9324525507182266,0.9324525507182266,0.9324525507182266
2024-04-03 00:13:01.000,305,0.0009560229445506693,1.0,0.9315609989181391,0.9315609989181391,0.9315609989181393
2024-04-03 00:13:01.000,306,0.003276003276003276,1.0,0.9306600653407852,0.9306600653407852,0.9306600653407852
2024-04-03 00:13:01.000,128,0.0,1.0,0.9297496604789568,0.9297496604789568,0.9297496604789568
2024-04-03 00:13:01.000,128,0.001152073732718894,1.0,0.9288296941751768,0.9288296941751768,0.9288296941751768
2024-04-03 00:13:01.000,128,0.0,1.0,0.9279000756216392,0.9279000756216392,0.9279000756216393
2024-04-03 00:13:01.000,128,0.003891050583657589,1.0,0.9269607133602886,0.9269607133602886,0.9269607133602886
2024-04-03 00:13:01.000,305,0.0,1.0,0.9260115152830268,0.9260115152830269,0.926011515283027
2024-04-03 00:13:16.000,307,0.002309468822170901,1.0,0.9250523886320638,0.9250523886320638,0.9250523886320638
2024-04-03 00:13:16.000,130,0.004576659038901603,1.0,0.9240832400004028,0.9240832400004028,0.9240832400004029
2024-04-03 00:13:31.000,307,0.0,1.0,0.9231039753324756,0.9231039753324756,0.9231039753324757
2024-04-03 00:13:31.000,130,0.03744493392070485,1.0,0.9221144999249226,0.9221144999249226,0.9221144999249226
2024-04-03 00:13:46.000,307,0.0,1.0,0.9211147184275252,0.9211147184275252,0.9211147184275251
2024-04-03 00:13:46.000,130,0.03744493392070485,1.0,0.9201045348442932,0.9201045348442932,0.9201045348442933
2024-04-03 00:14:01.000,305,0.0022883295194508014,1.0,0.9190838525347144,0.9190838525347144,0.9190838525347145
2024-04-03 00:14:01.000,130,0.039647577092511016,1.0,0.9180525742151604,0.9180525742151604,0.9180525742151604
2024-04-03 00:14:01.000,307,0.0022883295194508014,1.0,0.9170106019604652,0.9170106019604652,0.9170106019604652
2024-04-03 00:14:01.000,305,0.003805899143672693,1.0,0.9159578372056708,0.9159578372056708,0.9159578372056708
2024-04-03 00:14:01.000,305,0.0009560229445506693,1.0,0.914894180747948,0.914894180747948,0.9148941807479479
2024-04-03 00:14:01.000,128,0.002873563218390805,1.0,0.9138195327486959,0.913819532748696,0.9138195327486959
2024-04-03 00:14:01.000,128,0.002304147465437788,1.0,0.912733792735822,0.912733792735822,0.9127337927358219
2024-04-03 00:14:01.000,128,0.0014492753623188404,1.0,0.9116368596062088,0.9116368596062088,0.9116368596062089
2024-04-03 00:14:01.000,128,0.003891050583657589,1.0,0.9105286316283744,0.9105286316283744,0.9105286316283743
2024-04-03 00:14:01.000,306,0.001451378809869376,1.0,0.9094090064453192,0.9094090064453192,0.9094090064453193
2024-04-03 00:14:16.000,307,0.003464203233256351,1.0,0.9082778810775812,0.9082778810775812,0.9082778810775812
2024-04-03 00:14:16.000,130,0.003432494279176201,1.0,0.9071351519264859,0.907135151926486,0.9071351519264861
2024-04-03 00:14:31.000,307,0.0009532888465204957,1.0,0.9059807147776068,0.9059807147776068,0.9059807147776067
2024-04-03 00:14:31.000,130,0.03744493392070485,1.0,0.9048144648044364,0.9048144648044364,0.9048144648044363
2024-04-03 00:14:46.000,307,0.0,1.0,0.9036362965722732,0.9036362965722732,0.9036362965722731
2024-04-03 00:14:46.000,130,0.03744493392070485,1.0,0.9024461040423282,0.9024461040423282,0.9024461040423282
2024-04-03 00:15:01.000,130,0.0,1.0,0.9012437805760558,0.9012437805760558,0.9012437805760558
2024-04-03 00:15:01.000,307,0.002293577981651377,1.0,0.9000292189397114,0.9000292189397114,0.9000292189397114
2024-04-03 00:15:01.000,305,0.006928406466512702,1.0,0.8988023113091478,0.8988023113091478,0.8988023113091478
2024-04-03 00:15:01.000,305,0.0009560229445506693,1.0,0.8975629492748417,0.8975629492748417,0.8975629492748417
2024-04-03 00:15:01.000,305,0.002457002457002457,1.0,0.8963110238471689,0.8963110238471689,0.8963110238471689
2024-04-03 00:15:01.000,128,0.0009578544061302679,1.0,0.8950464254619221,0.8950464254619221,0.8950464254619221
2024-04-03 00:15:01.000,128,0.002304147465437788,1.0,0.8937690439860837,0.8937690439860837,0.8937690439860837
2024-04-03 00:15:01.000,306,0.005733944954128441,1.0,0.8924787687238508,0.8924787687238508,0.8924787687238508
2024-04-03 00:15:01.000,128,0.004329004329004329,1.0,0.8911754884229229,0.8911754884229229,0.8911754884229229
2024-04-03 00:15:01.000,128,0.010043041606886656,1.0,0.8898590912810569,0.8898590912810569,0.8898590912810569
2024-04-03 00:15:10.000,594,0.13537771129394166,1.0,0.8885294649528881,0.8885294649528881,0.8885294649528881
2024-04-03 00:15:16.000,307,0.0,1.0,0.8871864965570295,0.8871864965570295,0.8871864965570295
2024-04-03 00:15:16.000,130,0.0,1.0,0.8858300726834482,0.8858300726834482,0.8858300726834482
2024-04-03 00:15:20.000,598,0.0,1.0,0.8844600794011285,0.8844600794011285,0.8844600794011285
2024-04-03 00:15:21.000,426,0.10804174340085942,1.0,0.8830764022660236,0.8830764022660236,0.8830764022660236
2024-04-03 00:15:31.000,307,0.10804174340085942,1.0,0.8816789263292993,0.8816789263292993,0.8816789263292993
2024-04-03 00:15:31.000,130,0.10804174340085942,1.0,0.8802675361458785,0.8802675361458785,0.8802675361458785
2024-04-03 00:15:46.000,307,0.1132254995242626,1.0,0.8788421157832901,0.8788421157832901,0.8788421157832901
2024-04-03 00:15:46.000,130,0.03744493392070485,1.0,0.8774025488308239,0.8774025488308239,0.8774025488308239
2024-04-03 00:16:01.000,128,0.0028694404591104736,1.0,0.8759487184090012,0.8759487184090012,0.8759487184090012
2024-04-03 00:16:01.000,128,0.004347826086956522,1.0,0.8744805071793618,0.8744805071793618,0.8744805071793618
2024-04-03 00:16:01.000,128,0.0,1.0,0.8729977973545767,0.8729977973545767,0.8729977973545767
2024-04-03 00:16:02.000,130,0.007782101167315175,1.0,0.8715004707088844,0.8715004707088844,0.8715004707088844
2024-04-03 00:16:02.000,306,0.004354136429608128,1.0,0.869988408588865,0.869988408588865,0.869988408588865
2024-04-03 00:16:02.000,305,0.003464203233256351,1.0,0.8684614919245479,0.8684614919245479,0.8684614919245479
2024-04-03 00:16:02.000,307,0.0019120458891013386,1.0,0.8669196012408661,0.8669196012408661,0.8669196012408661
2024-04-03 00:16:02.000,305,0.001638001638001638,1.0,0.8653626166694521,0.8653626166694521,0.8653626166694521
2024-04-03 00:16:02.000,128,0.002873563218390805,1.0,0.8637904179607918,0.8637904179607918,0.8637904179607918
2024-04-03 00:16:02.000,305,0.0076263107721639654,1.0,0.8622028844967325,0.8622028844967325,0.8622028844967325
2024-04-03 00:16:17.000,307,0.005708848715509039,1.0,0.8605998953033511,0.8605998953033511,0.8605998953033511
2024-04-03 00:16:17.000,130,0.004576659038901603,1.0,0.8589813290641929,0.8589813290641929,0.858981329064193
2024-04-03 00:16:17.008,426,0.113441372735939,1.0,0.8573470641338775,0.8573470641338775,0.8573470641338775
2024-04-03 00:16:32.000,307,0.1132254995242626,1.0,0.8556969785520813,0.8556969785520813,0.8556969785520813
2024-04-03 00:16:32.000,130,0.13615560640732266,1.0,0.8540309500579042,0.8540309500579042,0.8540309500579042
2024-04-03 00:16:47.000,307,0.1132254995242626,1.0,0.8523488561046152,0.8523488561046152,0.8523488561046152
2024-04-03 00:16:47.000,130,0.03744493392070485,1.0,0.8506505738747929,0.8506505738747929,0.8506505738747929
2024-04-03 00:17:01.000,305,0.0022883295194508014,1.0,0.8489359802958578,0.8489359802958578,0.8489359802958578
2024-04-03 00:17:01.000,130,0.039647577092511016,1.0,0.8472049520560012,0.8472049520560012,0.8472049520560012
2024-04-03 00:17:01.000,130,0.0028694404591104736,1.0,0.8454573656205219,0.8454573656205219,0.8454573656205219
2024-04-03 00:17:01.000,307,0.004587155963302753,1.0,0.8436930972485653,0.8436930972485653,0.8436930972485653
2024-04-03 00:17:01.000,305,0.006928406466512702,1.0,0.8419120230102779,0.8419120230102779,0.841912023010278
2024-04-03 00:17:01.000,129,0.003432494279176201,1.0,0.8401140188043748,0.8401140188043748,0.8401140188043748
2024-04-03 00:17:01.000,128,0.00576036866359447,1.0,0.8382989603761264,0.8382989603761264,0.8382989603761264
2024-04-03 00:17:01.000,128,0.0028985507246376808,1.0,0.8364667233357734,0.8364667233357734,0.8364667233357734
2024-04-03 00:17:01.000,128,0.0019455252918287934,1.0,0.8346171831773651,0.8346171831773651,0.834617183177365
2024-04-03 00:17:01.000,128,0.003891050583657589,1.0,0.8327502152980291,0.8327502152980291,0.8327502152980291
2024-04-03 00:17:01.000,306,0.001451378809869376,1.0,0.8308656950176827,0.8308656950176827,0.8308656950176827
2024-04-03 00:17:01.000,128,0.004329004329004329,1.0,0.8289634975991738,0.8289634975991738,0.8289634975991738
2024-04-03 00:17:01.000,305,0.008009153318077803,1.0,0.8270434982688719,0.8270434982688719,0.8270434982688719
2024-04-03 00:17:16.000,307,0.004757373929590866,1.0,0.8251055722377021,0.8251055722377021,0.8251055722377021
2024-04-03 00:17:16.000,130,0.004576659038901603,1.0,0.8231495947226286,0.8231495947226286,0.8231495947226286
2024-04-03 00:17:31.000,307,0.0,1.0,0.8211754409685902,0.8211754409685902,0.8211754409685902
2024-04-03 00:17:31.000,130,0.03744493392070485,1.0,0.8191829862708929,0.8191829862708929,0.8191829862708929
2024-04-03 00:17:46.000,130,0.0,1.0,0.8171721059980597,0.8171721059980597,0.8171721059980597
2024-04-03 00:17:46.000,307,0.002293577981651377,1.0,0.8151426756151401,0.8151426756151401,0.81514267561514
2024-04-03 00:18:01.000,130,0.005772005772005772,1.0,0.8130945707074887,0.8130945707074887,0.8130945707074887
2024-04-03 00:18:01.000,305,0.0022883295194508014,1.0,0.8110276670050021,0.8110276670050021,0.811027667005002
2024-04-03 00:18:01.000,307,0.0019029495718363464,1.0,0.8089418404068309,0.8089418404068309,0.808941840406831
2024-04-03 00:18:01.000,305,0.0028680688336520078,1.0,0.8068369670065616,0.8068369670065616,0.8068369670065616
2024-04-03 00:18:01.000,305,0.002457002457002457,1.0,0.8047129231178659,0.8047129231178659,0.804712923117866
2024-04-03 00:18:01.000,128,0.002873563218390805,1.0,0.8025695853006316,0.8025695853006316,0.8025695853006316
2024-04-03 00:18:01.000,128,0.002304147465437788,1.0,0.8004068303875626,0.8004068303875626,0.8004068303875626
2024-04-03 00:18:01.000,128,0.0014492753623188404,1.0,0.7982245355112626,0.7982245355112626,0.7982245355112626
2024-04-03 00:18:01.000,128,0.003891050583657589,1.0,0.7960225781317922,0.7960225781317922,0.7960225781317922
2024-04-03 00:18:01.000,306,0.001451378809869376,1.0,0.7938008360647085,0.7938008360647085,0.7938008360647085
2024-04-03 00:18:16.000,307,0.003464203233256351,1.0,0.791559187509583,0.791559187509583,0.791559187509583
2024-04-03 00:18:16.000,130,0.003432494279176201,1.0,0.7892975110790026,0.7892975110790026,0.7892975110790026
2024-04-03 00:18:31.000,307,0.0009532888465204957,1.0,0.7870156858280469,0.7870156858280469,0.7870156858280469
2024-04-03 00:18:31.000,130,0.03744493392070485,1.0,0.7847135912842542,0.7847135912842542,0.7847135912842542
2024-04-03 00:18:46.000,130,0.0,1.0,0.7823911074780598,0.7823911074780598,0.7823911074780598
2024-04-03 00:18:46.000,307,0.002293577981651377,1.0,0.7800481149737207,0.7800481149737207,0.7800481149737207
2024-04-03 00:19:01.000,128,0.008658008658008658,1.0,0.7776844949007176,0.7776844949007176,0.7776844949007176
2024-04-03 00:19:01.000,128,0.005738880918220947,1.0,0.7753001289856358,0.7753001289856358,0.7753001289856358
2024-04-03 00:19:01.000,128,0.0014492753623188404,1.0,0.7728948995845235,0.7728948995845235,0.7728948995845235
2024-04-03 00:19:01.000,128,0.003891050583657589,1.0,0.7704686897157276,0.7704686897157276,0.7704686897157276
2024-04-03 00:19:01.000,305,0.0,1.0,0.7680213830931979,0.7680213830931979,0.7680213830931979
2024-04-03 00:19:01.000,306,0.0011547344110854505,1.0,0.7655528641602729,0.7655528641602729,0.765552864160273
2024-04-03 00:19:01.000,305,0.003824091778202677,1.0,0.7630630181239254,0.7630630181239254,0.7630630181239254
2024-04-03 00:19:01.000,305,0.001638001638001638,1.0,0.7605517309894785,0.7605517309894785,0.7605517309894785
2024-04-03 00:19:01.000,307,0.003276003276003276,1.0,0.7580188895957878,0.7580188895957878,0.7580188895957878
2024-04-03 00:19:01.000,130,0.002873563218390805,1.0,0.7554643816508801,0.7554643816508801,0.7554643816508801
2024-04-03 00:19:05.000,426,0.113441372735939,1.0,0.7528880957680487,0.7528880957680487,0.7528880957680487
2024-04-03 00:19:13.000,197,1.0,1.0,0.7502899215024031,0.7502899215024031,0.7502899215024031
2024-04-03 00:19:13.000,205,1.0,1.0,0.7476697493878645,0.7476697493878645,0.7476697493878645
2024-04-03 00:19:13.000,204,1.0,1.0,0.7450274709746059,0.7450274709746059,0.7450274709746059
2024-04-03 00:19:13.000,203,0.019777503090234856,1.0,0.7423629788669279,0.7423629788669279,0.742362978866928
2024-04-03 00:19:16.000,307,0.04444444444444445,1.0,0.73967616676157,0.73967616676157,0.73967616676157
2024-04-03 00:19:16.000,130,0.0023640661938534287,1.0,0.7369669294864438,0.7369669294864438,0.7369669294864438
2024-04-03 00:19:23.000,341,0.002034587995930824,1.0,0.7342351630397914,0.7342351630397914,0.7342351630397914
2024-04-03 00:19:31.000,307,0.03235014272121789,1.0,0.7314807646297514,0.7314807646297514,0.7314807646297514
2024-04-03 00:19:31.000,130,0.03890160183066362,1.0,0.7287036327143371,0.7287036327143371,0.7287036327143371
2024-04-03 00:19:46.000,307,0.03431839847473785,1.0,0.7259036670418063,0.7259036670418063,0.7259036670418063
2024-04-03 00:19:46.000,130,0.03744493392070485,1.0,0.7230807686914299,0.7230807686914299,0.7230807686914299
2024-04-03 00:20:01.000,130,0.0,1.0,0.720234840114636,0.720234840114636,0.720234840114636
2024-04-03 00:20:01.000,307,0.002293577981651377,1.0,0.7173657851765303,0.7173657851765303,0.7173657851765303
2024-04-03 00:20:01.000,306,0.008083140877598153,1.0,0.7144735091977804,0.7144735091977804,0.7144735091977804
2024-04-03 00:20:01.000,305,0.0019120458891013386,1.0,0.711557918996857,0.711557918996857,0.711557918996857
2024-04-03 00:20:01.000,305,0.003276003276003276,1.0,0.7086189229326141,0.7086189229326141,0.7086189229326141
2024-04-03 00:20:01.000,128,0.0019157088122605363,1.0,0.7056564309472094,0.7056564309472094,0.7056564309472094
2024-04-03 00:20:01.000,128,0.002304147465437788,1.0,0.702670354609343,0.702670354609343,0.702670354609343
2024-04-03 00:20:01.000,305,0.006880733944954129,1.0,0.6996606071578111,0.6996606071578111,0.6996606071578111
2024-04-03 00:20:01.000,128,0.005772005772005772,1.0,0.6966271035453548,0.6966271035453548,0.6966271035453548
2024-04-03 00:20:01.000,128,0.011477761836441894,1.0,0.6935697604828027,0.6935697604828027,0.6935697604828027
2024-04-03 00:20:01.008,426,0.13709677419354838,1.0,0.6904884964834797,0.6904884964834797,0.6904884964834797
2024-04-03 00:20:16.000,307,0.13940092165898618,1.0,0.6873832319078833,0.6873832319078833,0.6873832319078833
2024-04-03 00:20:16.000,130,0.13844393592677345,1.0,0.6842538890086051,0.6842538890086051,0.684253889008605
2024-04-03 00:20:31.000,307,0.1132254995242626,1.0,0.6811003919754817,0.6811003919754817,0.6811003919754817
2024-04-03 00:20:31.000,130,0.03744493392070485,1.0,0.6779226669809694,0.6779226669809694,0.6779226669809694
2024-04-03 00:20:46.000,307,0.0,1.0,0.6747206422257175,0.6747206422257175,0.6747206422257175
2024-04-03 00:20:46.000,130,0.03744493392070485,1.0,0.6714942479843299,0.6714942479843299,0.6714942479843299
2024-04-03 00:21:01.000,128,0.0028694404591104736,1.0,0.6682434166512975,0.6682434166512975,0.6682434166512975
2024-04-03 00:21:01.000,130,0.04951856946354883,1.0,0.664968082787083,0.664968082787083,0.664968082787083
2024-04-03 00:21:01.000,307,0.008708272859216255,1.0,0.6616681831643474,0.6616681831643474,0.6616681831643474
2024-04-03 00:21:01.000,306,0.005773672055427253,1.0,0.6583436568142874,0.6583436568142874,0.6583436568142874
2024-04-03 00:21:01.000,305,0.0019120458891013386,1.0,0.6549944450730827,0.6549944450730827,0.6549944450730827
2024-04-03 00:21:01.000,128,0.0038314176245210726,1.0,0.6516204916284181,0.6516204916284181,0.6516204916284181
2024-04-03 00:21:01.000,305,0.00667302192564347,1.0,0.6482217425660721,0.6482217425660721,0.6482217425660721
2024-04-03 00:21:01.000,128,0.04625550660792952,1.0,0.6447981464165498,0.6447981464165498,0.6447981464165498
2024-04-03 00:21:01.000,128,0.011477761836441894,1.0,0.6413496542017361,0.6413496542017361,0.6413496542017361
2024-04-03 00:21:01.000,305,0.006880733944954129,1.0,0.637876219481552,0.637876219481552,0.637876219481552
2024-04-03 00:21:16.000,307,0.002309468822170901,1.0,0.6343777984005958,0.6343777984005958,0.6343777984005958
2024-04-03 00:21:16.000,130,0.004576659038901603,1.0,0.6308543497347388,0.6308543497347388,0.6308543497347388
2024-04-03 00:21:31.000,130,0.004608294930875576,1.0,0.6273058349376628,0.6273058349376628,0.6273058349376628
2024-04-03 00:21:31.000,307,0.002293577981651377,1.0,0.6237322181873117,0.6237322181873117,0.6237322181873117
2024-04-03 00:21:46.000,130,0.005772005772005772,1.0,0.6201334664322359,0.6201334664322359,0.6201334664322359
2024-04-03 00:21:46.000,307,0.0,1.0,0.6165095494378035,0.6165095494378035,0.6165095494378035
2024-04-03 00:22:01.000,128,0.039647577092511016,1.0,0.6128604398322609,0.6128604398322609,0.6128604398322609
2024-04-03 00:22:01.000,128,0.005738880918220947,1.0,0.6091861131526101,0.6091861131526101,0.6091861131526101
2024-04-03 00:22:01.000,128,0.04951856946354883,1.0,0.6054865478902846,0.6054865478902846,0.6054865478902846
2024-04-03 00:22:01.000,128,0.003891050583657589,1.0,0.6017617255365952,0.6017617255365952,0.6017617255365952
2024-04-03 00:22:01.000,305,0.0,1.0,0.5980116306279218,0.5980116306279218,0.5980116306279218
2024-04-03 00:22:01.000,305,0.0,1.0,0.5942362507906259,0.5942362507906259,0.594236250790626
2024-04-03 00:22:01.000,306,0.003824091778202677,1.0,0.5904355767856533,0.5904355767856533,0.5904355767856533
2024-04-03 00:22:01.000,305,0.0,1.0,0.5866096025528067,0.5866096025528067,0.5866096025528067
2024-04-03 00:22:02.000,130,0.0038314176245210726,1.0,0.5827583252546563,0.5827583252546563,0.5827583252546563
2024-04-03 00:22:02.000,307,0.002859866539561487,1.0,0.5788817453200635,0.5788817453200635,0.5788817453200635
2024-04-03 00:22:17.000,307,0.0019029495718363464,1.0,0.5749798664872872,0.5749798664872872,0.5749798664872872
2024-04-03 00:22:17.000,130,0.0,1.0,0.5710526958466489,0.5710526958466489,0.5710526958466489
2024-04-03 00:22:32.000,307,0.0019065776930409914,1.0,0.5671002438827244,0.5671002438827244,0.5671002438827244
2024-04-03 00:22:32.000,130,0.03744493392070485,1.0,0.5631225245160358,0.5631225245160358,0.5631225245160358
2024-04-03 00:22:47.000,307,0.0,1.0,0.5591195551442133,0.5591195551442133,0.5591195551442133
2024-04-03 00:22:47.000,130,0.03744493392070485,1.0,0.5550913566825996,0.5550913566825996,0.5550913566825996
2024-04-03 00:23:01.000,305,0.0022883295194508014,1.0,0.5510379536042644,0.5510379536042644,0.5510379536042644
2024-04-03 00:23:01.000,130,0.039647577092511016,1.0,0.5469593739794049,0.5469593739794049,0.5469593739794049
2024-04-03 00:23:01.000,306,0.003432494279176201,1.0,0.5428556495140933,0.5428556495140933,0.5428556495140933
2024-04-03 00:23:01.000,305,0.004757373929590866,1.0,0.5387268155883543,0.5387268155883543,0.5387268155883543
2024-04-03 00:23:01.000,307,0.0019120458891013386,1.0,0.5345729112935282,0.5345729112935282,0.5345729112935282
2024-04-03 00:23:01.000,128,0.0019157088122605363,1.0,0.5303939794689013,0.5303939794689013,0.5303939794689013
2024-04-03 00:23:01.000,128,0.0,1.0,0.5261900667375652,0.5261900667375652,0.5261900667375652
2024-04-03 00:23:01.000,128,0.04951856946354883,1.0,0.52196122354148,0.52196122354148,0.52196122354148
2024-04-03 00:23:01.000,305,0.0,1.0,0.5177075041757055,0.5177075041757055,0.5177075041757055
2024-04-03 00:23:01.000,128,0.005772005772005772,1.0,0.5134289668217766,0.5134289668217766,0.5134289668217766
2024-04-03 00:23:07.000,594,0.13612565445026178,1.0,0.5091256735801847,0.5091256735801847,0.5091256735801847
2024-04-03 00:23:16.000,307,0.0,1.0,0.5047976905019411,0.5047976905019411,0.504797690501941
2024-04-03 00:23:16.000,130,0.0,1.0,0.5004450876191882,0.5004450876191882,0.5004450876191882
2024-04-03 00:23:17.000,598,0.0,1.0,0.4960679389748287,0.4960679389748287,0.49606793897482865
2024-04-03 00:23:31.000,307,0.0,1.0,0.4916663226511429,0.4916663226511429,0.491666322651143
2024-04-03 00:23:31.000,130,0.0,1.0,0.4872403207973646,0.4872403207973646,0.4872403207973646
2024-04-03 00:23:46.000,307,0.0,1.0,0.4827900196561816,0.4827900196561816,0.48279001965618157
2024-04-03 00:23:46.000,130,0.03744493392070485,1.0,0.4783155095891388,0.4783155095891388,0.47831550958913877
2024-04-03 00:24:01.000,307,0.0,1.0,0.4738168851009035,0.4738168851009035,0.4738168851009035
2024-04-03 00:24:01.000,130,0.03744493392070485,1.0,0.4692942448623725,0.4692942448623725,0.4692942448623725
2024-04-03 00:24:01.000,305,0.0022883295194508014,1.0,0.4647476917325895,0.4647476917325895,0.4647476917325895
2024-04-03 00:24:01.000,305,0.003805899143672693,1.0,0.4601773327794379,0.4601773327794379,0.4601773327794379
2024-04-03 00:24:01.000,305,0.0009560229445506693,1.0,0.4555832792990897,0.4555832792990897,0.4555832792990897
2024-04-03 00:24:01.000,128,0.0009578544061302679,1.0,0.4509656468341761,0.4509656468341761,0.45096564683417606
2024-04-03 00:24:01.000,128,0.002304147465437788,1.0,0.4463245551906524,0.4463245551906524,0.4463245551906524
2024-04-03 00:24:01.000,128,0.0014492753623188404,1.0,0.4416601284533337,0.4416601284533337,0.4416601284533337
2024-04-03 00:24:01.000,128,0.003891050583657589,1.0,0.436972495000068,0.436972495000068,0.436972495000068
2024-04-03 00:24:01.000,306,0.001451378809869376,1.0,0.4322617875145272,0.4322617875145272,0.43226178751452715
2024-04-03 00:24:16.000,307,0.003464203233256351,1.0,0.4275281429975832,0.4275281429975832,0.4275281429975832
2024-04-03 00:24:16.000,130,0.003432494279176201,1.0,0.4227717027772512,0.4227717027772512,0.4227717027772512
2024-04-03 00:24:31.000,307,0.0009532888465204957,1.0,0.41799261251716596,0.417992612517166,0.41799261251716596
2024-04-03 00:24:31.000,130,0.03744493392070485,1.0,0.4131910222235772,0.4131910222235772,0.4131910222235772
2024-04-03 00:24:46.000,307,0.0,1.0,0.4083670862508301,0.4083670862508301,0.40836708625083007
2024-04-03 00:24:46.000,130,0.03744493392070485,1.0,0.4035209633053172,0.4035209633053172,0.4035209633053172
2024-04-03 00:25:01.000,307,0.0,1.0,0.3986528164478733,0.3986528164478733,0.39865281644787326
2024-04-03 00:25:01.000,305,0.0019029495718363464,1.0,0.3937628130945938,0.3937628130945938,0.3937628130945938
2024-04-03 00:25:01.000,130,0.0022883295194508014,1.0,0.3888511250160567,0.3888511250160567,0.3888511250160567
2024-04-03 00:25:01.000,305,0.005719733079122974,1.0,0.3839179283349265,0.3839179283349265,0.3839179283349265
2024-04-03 00:25:01.000,305,0.005708848715509039,1.0,0.37896340352192215,0.37896340352192215,0.37896340352192215
2024-04-03 00:25:01.000,128,0.006864988558352402,1.0,0.3739877353901307,0.3739877353901307,0.3739877353901307
2024-04-03 00:25:01.000,128,0.002304147465437788,1.0,0.3689911130876485,0.3689911130876485,0.36899111308764854
2024-04-03 00:25:01.000,128,0.0014492753623188404,1.0,0.3639737300885356,0.3639737300885356,0.3639737300885356
2024-04-03 00:25:01.000,306,0.001451378809869376,1.0,0.35893578418206284,0.35893578418206284,0.35893578418206284
2024-04-03 00:25:01.000,128,0.004329004329004329,1.0,0.3538774774602456,0.3538774774602456,0.3538774774602456
2024-04-03 00:25:05.000,426,0.14187643020594964,1.0,0.3487990163036405,0.3487990163036405,0.3487990163036405
2024-04-03 00:25:16.000,307,0.11607992388201713,1.0,0.34370061136540303,0.34370061136540303,0.34370061136540303
2024-04-03 00:25:16.000,130,0.13844393592677345,1.0,0.3385824775535845,0.3385824775535845,0.3385824775535845
2024-04-03 00:25:28.000,384,1.0,1.0,0.3334448340116665,0.3334448340116665,0.3334448340116665
2024-04-03 00:25:28.000,463,0.0,1.0,0.3282879040973193,0.3282879040973193,0.32828790409731934
2024-04-03 00:25:31.000,587,0.0,1.0,0.3231119153593769,0.3231119153593769,0.32311191535937694
2024-04-03 00:25:31.000,307,0.0,1.0,0.3179170995130204,0.3179170995130204,0.3179170995130204
2024-04-03 00:25:31.000,130,0.08717004297114794,1.0,0.3127036924131691,0.3127036924131691,0.3127036924131691
2024-04-03 00:25:41.000,588,0.0,1.0,0.3074719340260669,0.3074719340260669,0.30747193402606693
2024-04-03 00:25:41.000,589,0.009208103130755063,1.0,0.3022220683990692,0.3022220683990692,0.3022220683990692
2024-04-03 00:25:41.000,590,0.0,1.0,0.2969543436286206,0.2969543436286206,0.2969543436286206
2024-04-03 00:25:41.008,277,1.0,1.0,0.2916690118264281,0.2916690118264281,0.29166901182642807
2024-04-03 00:25:46.000,307,0.13505217925107427,1.0,0.28636632908382736,0.28636632908382736,0.28636632908382736
2024-04-03 00:25:46.000,130,1.0,1.0,0.2810465554343459,0.2810465554343459,0.2810465554343459
2024-04-03 00:26:01.000,128,0.034562211981566816,1.0,0.2757099548144629,0.2757099548144629,0.27570995481446287
2024-04-03 00:26:01.000,305,0.002293577981651377,1.0,0.2703567950225738,0.2703567950225738,0.2703567950225738
2024-04-03 00:26:01.000,128,0.008658008658008658,1.0,0.26498734767616505,0.26498734767616505,0.26498734767616505
2024-04-03 00:26:01.000,128,0.011477761836441894,1.0,0.25960188816720103,0.25960188816720103,0.259601888167201
2024-04-03 00:26:01.000,128,0.0014492753623188404,1.0,0.2542006956157393,0.2542006956157393,0.2542006956157393
2024-04-03 00:26:01.000,306,0.001451378809869376,1.0,0.2487840528217779,0.2487840528217779,0.2487840528217779
2024-04-03 00:26:01.000,305,0.0011547344110854505,1.0,0.24335224621534884,0.24335224621534884,0.24335224621534884
2024-04-03 00:26:01.000,305,0.0019120458891013386,1.0,0.2379055658048682,0.2379055658048682,0.2379055658048682
2024-04-03 00:26:01.000,130,0.0038314176245210726,1.0,0.2324443051237608,0.2324443051237608,0.23244430512376082
2024-04-03 00:26:01.000,307,0.0019065776930409914,1.0,0.22696876117536802,0.226968761175368,0.22696876117536802
2024-04-03 00:26:16.000,130,0.039647577092511016,1.0,0.2214792343761615,0.2214792343761615,0.2214792343761615
2024-04-03 00:26:16.000,307,0.0,1.0,0.2159760284972793,0.21597602849727932,0.21597602849727934
2024-04-03 00:26:31.000,307,0.0,1.0,0.2104594506044002,0.2104594506044002,0.2104594506044002
2024-04-03 00:26:31.000,130,0.0,1.0,0.20492981099598234,0.20492981099598234,0.20492981099598234
2024-04-03 00:26:46.000,307,0.0019065776930409914,1.0,0.1993874231398832,0.1993874231398832,0.19938742313988317
2024-04-03 00:26:46.000,130,0.03744493392070485,1.0,0.1938326036083892,0.1938326036083892,0.19383260360838922
2024-04-03 00:27:01.000,130,0.0,1.0,0.18826567201167574,0.18826567201167574,0.18826567201167577
2024-04-03 00:27:01.000,307,0.002293577981651377,1.0,0.18268695092972406,0.18268695092972406,0.18268695092972412
2024-04-03 00:27:01.000,305,0.006928406466512702,1.0,0.1770967658427265,0.1770967658427265,0.1770967658427265
2024-04-03 00:27:01.000,305,0.0009560229445506693,1.0,0.17149544506000264,0.17149544506000264,0.17149544506000264
2024-04-03 00:27:01.000,305,0.002457002457002457,1.0,0.16588331964746164,0.16588331964746164,0.16588331964746164
2024-04-03 00:27:01.000,128,0.0009578544061302679,1.0,0.16026072335363858,0.16026072335363858,0.16026072335363858
2024-04-03 00:27:01.000,128,0.002304147465437788,1.0,0.15462799253433865,0.15462799253433865,0.15462799253433865
2024-04-03 00:27:01.000,128,0.0014492753623188404,1.0,0.14898546607592347,0.14898546607592347,0.14898546607592347
2024-04-03 00:27:01.000,128,0.003891050583657589,1.0,0.14333348531727194,0.14333348531727194,0.14333348531727197
2024-04-03 00:27:01.000,306,0.001451378809869376,1.0,0.13767239397045522,0.13767239397045522,0.13767239397045522
2024-04-03 00:27:16.000,307,0.003464203233256351,1.0,0.1320025380401585,0.1320025380401585,0.1320025380401585
2024-04-03 00:27:16.000,130,0.003432494279176201,1.0,0.12632426574189462,0.12632426574189462,0.12632426574189462
2024-04-03 00:27:32.000,307,0.0009532888465204957,1.0,0.12063792741904104,0.12063792741904104,0.12063792741904103
2024-04-03 00:27:32.000,130,0.03744493392070485,1.0,0.11494387545874515,0.11494387545874515,0.11494387545874514
2024-04-03 00:27:46.000,307,0.0,1.0,0.10924246420674022,0.10924246420674022,0.10924246420674022
2024-04-03 00:27:46.000,130,0.03744493392070485,1.0,0.10353404988111076,0.10353404988111076,0.10353404988111076
2024-04-03 00:28:01.000,305,0.0022883295194508014,1.0,0.09781899048505456,0.09781899048505456,0.09781899048505455
2024-04-03 00:28:01.000,307,0.0019029495718363464,1.0,0.09209764571868254,0.09209764571868254,0.09209764571868254
2024-04-03 00:28:01.000,305,0.0028680688336520078,1.0,0.08637037688990472,0.08637037688990472,0.08637037688990473
2024-04-03 00:28:01.000,130,0.004789272030651341,1.0,0.08063754682444361,0.08063754682444361,0.08063754682444361
2024-04-03 00:28:01.000,306,0.004766444232602479,1.0,0.07489951977502869,0.07489951977502869,0.07489951977502869
2024-04-03 00:28:01.000,128,0.042951541850220265,1.0,0.06915666132981403,0.06915666132981403,0.06915666132981403
2024-04-03 00:28:01.000,128,0.0071736011477761845,1.0,0.0634093383200686,0.0634093383200686,0.0634093383200686
2024-04-03 00:28:01.000,128,0.0,1.0,0.0576579187271903,0.0576579187271903,0.0576579187271903
2024-04-03 00:28:01.000,128,0.003891050583657589,1.0,0.05190277158909114,0.05190277158909114,0.051902771589091144
2024-04-03 00:28:01.000,305,0.0,1.0,0.046144266906005066,0.046144266906005066,0.046144266906005066
2024-04-03 00:28:16.000,307,0.002309468822170901,1.0,0.04038277554576849,0.04038277554576849,0.04038277554576849
2024-04-03 00:28:16.000,130,0.004576659038901603,1.0,0.03461866914862572,0.03461866914862572,0.03461866914862572
2024-04-03 00:28:26.000,203,0.08620689655172414,1.0,0.028852320031609542,0.028852320031609542,0.028852320031609546
2024-04-03 00:28:26.000,204,0.008363201911589008,1.0,0.023084101092550317,0.023084101092550317,0.023084101092550314
2024-04-03 00:28:26.000,205,0.010899182561307902,1.0,0.017314385713766117,0.017314385713766117,0.01731438571376612
2024-04-03 00:28:26.000,197,0.004944375772558714,1.0,0.011543547665485588,0.011543547665485588,0.011543547665485588
2024-04-03 00:28:30.999,307,0.0380952380952381,1.0,0.005771961009057544,0.005771961009057544,0.005771961009057544
