timestamp,value,anomaly_score,raw_score,label,S(t)_standard,S(t)_reward_low_FP_rate,S(t)_reward_low_FN_rate
2024-03-12 17:10:56.977674,226,0.030102999665900007,1.0,0,-0.11,-0.22,-0.11
2024-03-12 17:10:56.988982,177,0.030102999665900007,1.0,0,-0.11,-0.22,-0.11
2024-03-12 17:10:56.991822,645,1.0,1.0,0,-0.11,-0.22,-0.11
2024-03-12 17:10:56.992447,228,0.030102999665900007,1.0,0,-0.11,-0.22,-0.11
2024-03-12 17:10:56.996853,229,0.030102999665900007,0.550000011921,0,-0.11,-0.22,-0.11
2024-03-12 17:10:57.003401,178,0.030102999665900007,0.0750000029802,0,-0.11,-0.22,-0.11
2024-03-12 17:10:57.003492,179,0.030102999665900007,0.774999976158,0,-0.11,-0.22,-0.11
2024-03-12 17:10:57.003609,230,0.030102999665900007,0.824999988079,0,-0.11,-0.22,-0.11
2024-03-12 17:10:57.003737,179,0.030102999665900007,0.10000000149,0,-0.11,-0.22,-0.11
2024-03-12 17:10:57.003809,181,0.030102999665900007,0.0,0,-0.11,-0.22,-0.11
2024-03-12 17:10:57.074759,651,0.030102999665900007,0.17499999702,0,-0.11,-0.22,-0.11
2024-03-12 17:10:57.090356,652,0.030102999665900007,0.850000023842,0,-0.11,-0.22,-0.11
2024-03-12 17:10:57.120785,313,0.030102999665900007,0.600000023842,0,-0.11,-0.22,-0.11
2024-03-12 17:10:57.120804,314,0.030102999665900007,1.0,0,-0.11,-0.22,-0.11
2024-03-12 17:10:57.120806,314,0.030102999665900007,1.0,0,-0.11,-0.22,-0.11
2024-03-12 17:10:57.228334,654,0.030102999665900007,0.800000011921,0,-0.11,-0.22,-0.11
2024-03-12 17:10:57.455714,130,1.0,0.5,0,-0.11,-0.22,-0.11
2024-03-12 17:10:57.496916,655,0.030102999665900007,0.300000011921,0,-0.11,-0.22,-0.11
2024-03-12 17:10:57.503931,655,0.030102999665900007,0.300000011921,0,-0.11,-0.22,-0.11
2024-03-12 17:10:57.511754,656,0.030102999665900007,0.300000011921,0,-0.11,-0.22,-0.11
2024-03-12 17:11:00.051960,657,0.030102999665900007,0.0,0,-0.11,-0.22,-0.11
2024-03-12 17:11:00.052229,657,0.030102999665900007,0.0,0,-0.11,-0.22,-0.11
2024-03-12 17:11:00.052351,657,0.030102999665900007,0.0,0,-0.11,-0.22,-0.11
2024-03-12 17:11:00.052469,657,0.030102999665900007,0.0,0,-0.11,-0.22,-0.11
2024-03-12 17:11:00.052604,657,0.030102999665900007,0.0,0,-0.11,-0.22,-0.11
2024-03-12 17:11:00.052758,657,0.030102999665900007,0.0,0,-0.11,-0.22,-0.11
2024-03-12 17:11:00.053209,657,0.030102999665900007,0.0,0,-0.11,-0.22,-0.11
2024-03-12 17:11:00.823501,658,0.030102999665900007,0.0,0,-0.11,-0.22,-0.11
2024-03-12 17:11:02.112795,660,0.030102999665900007,0.0250000003725,0,-0.11,-0.22,-0.11
2024-03-12 17:11:02.596767,676,0.030102999665900007,0.0500000007451,0,-0.11,-0.22,-0.11
2024-03-12 17:11:03.139874,659,0.030102999665900007,0.0,0,-0.11,-0.22,-0.11
2024-03-12 17:11:03.650606,185,0.030102999665900007,0.20000000298,0,-0.11,-0.22,-0.11
2024-03-12 17:11:03.650807,185,0.030102999665900007,0.40000000596,0,-0.11,-0.22,-0.11
2024-03-12 17:11:03.799513,186,0.030102999665900007,0.0250000003725,0,-0.11,-0.22,-0.11
2024-03-12 17:11:03.828809,660,0.030102999665900007,0.10000000149,0,-0.11,-0.22,-0.11
2024-03-12 17:11:03.836385,661,0.030102999665900007,0.0250000003725,0,-0.11,-0.22,-0.11
2024-03-12 17:11:03.869652,187,0.030102999665900007,0.600000023842,0,-0.11,-0.22,-0.11
2024-03-12 17:11:03.901985,323,0.030102999665900007,0.550000011921,0,-0.11,-0.22,-0.11
2024-03-12 17:11:03.936884,215,0.030102999665900007,0.34999999404,0,-0.11,-0.22,-0.11
2024-03-12 17:11:03.938537,131,0.030102999665900007,0.20000000298,0,-0.11,-0.22,-0.11
2024-03-12 17:11:03.939277,259,0.030102999665900007,0.22499999404,0,-0.11,-0.22,-0.11
2024-03-12 17:11:03.954793,206,0.030102999665900007,0.0750000029802,0,-0.11,-0.22,-0.11
2024-03-12 17:11:04.066591,132,0.030102999665900007,0.0,0,-0.11,-0.22,-0.11
2024-03-12 17:11:04.067108,207,0.030102999665900007,0.15000000596,0,-0.11,-0.22,-0.11
2024-03-12 17:11:04.188697,260,0.030102999665900007,0.0250000003725,0,-0.11,-0.22,-0.11
2024-03-12 17:11:04.191114,662,0.030102999665900007,0.425000011921,0,-0.11,-0.22,-0.11
2024-03-12 17:11:04.191283,265,0.030102999665900007,0.20000000298,0,-0.11,-0.22,-0.11
2024-03-12 17:11:04.316797,297,0.030102999665900007,0.15000000596,0,-0.11,-0.22,-0.11
2024-03-12 17:11:04.316915,298,0.030102999665900007,0.0,0,-0.11,-0.22,-0.11
2024-03-12 17:11:04.321428,299,0.030102999665900007,0.0,0,-0.11,-0.22,-0.11
2024-03-12 17:11:04.425206,300,0.030102999665900007,0.0,0,-0.11,-0.22,-0.11
2024-03-12 17:11:04.432281,301,0.030102999665900007,0.0,0,-0.11,-0.22,-0.11
2024-03-12 17:11:04.433788,302,0.030102999665900007,0.0,0,-0.11,-0.22,-0.11
2024-03-12 17:11:04.434454,661,0.030102999665900007,0.0,0,-0.11,-0.22,-0.11
2024-03-12 17:11:04.434836,663,0.030102999665900007,0.0,0,-0.11,-0.22,-0.11
2024-03-12 17:11:04.435044,664,0.030102999665900007,0.0250000003725,0,-0.11,-0.22,-0.11
2024-03-12 17:11:04.630028,665,0.030102999665900007,0.0500000007451,0,-0.11,-0.22,-0.11
2024-03-12 17:11:04.741252,666,0.030102999665900007,0.0500000007451,0,-0.11,-0.22,-0.11
2024-03-12 17:11:04.741922,261,0.030102999665900007,0.550000011921,0,-0.11,-0.22,-0.11
2024-03-12 17:11:04.742194,245,0.030102999665900007,0.25,0,-0.11,-0.22,-0.11
2024-03-12 17:11:04.742328,245,0.030102999665900007,0.0,0,-0.11,-0.22,-0.11
2024-03-12 17:11:04.745195,667,0.030102999665900007,0.0,0,-0.11,-0.22,-0.11
2024-03-12 17:11:04.747616,668,0.030102999665900007,0.0,0,-0.11,-0.22,-0.11
2024-03-12 17:11:04.755598,661,0.030102999665900007,0.0,0,-0.11,-0.22,-0.11
2024-03-12 17:11:04.756094,669,0.030102999665900007,0.0500000007451,0,-0.11,-0.22,-0.11
2024-03-12 17:11:05.172876,665,0.030102999665900007,0.0250000003725,0,-0.11,-0.22,-0.11
2024-03-12 17:11:05.261827,670,0.030102999665900007,0.0250000003725,0,-0.11,-0.22,-0.11
2024-03-12 17:11:05.262940,671,0.030102999665900007,0.0,0,-0.11,-0.22,-0.11
2024-03-12 17:11:05.328285,672,0.030102999665900007,0.0,0,-0.11,-0.22,-0.11
2024-03-12 17:11:05.328832,245,0.030102999665900007,0.524999976158,0,-0.11,-0.22,-0.11
2024-03-12 17:11:05.340884,673,0.030102999665900007,0.0500000007451,0,-0.11,-0.22,-0.11
2024-03-12 17:11:12.602953,677,0.030102999665900007,0.0,0,-0.11,-0.22,-0.11
2024-03-12 17:11:34.099332,661,0.030102999665900007,0.0250000003725,0,-0.11,-0.22,-0.11
2024-03-12 17:12:23.801217,172,0.030102999665900007,0.5,0,-0.11,-0.22,-0.11
2024-03-12 17:12:23.802831,197,0.030102999665900007,0.10000000149,0,-0.11,-0.22,-0.11
2024-03-12 17:12:23.803362,203,0.030102999665900007,0.0,0,-0.11,-0.22,-0.11
2024-03-12 17:12:33.807229,341,0.030102999665900007,0.10000000149,0,-0.11,-0.22,-0.11
2024-03-12 17:14:00.880821,660,0.030102999665900007,0.0,0,-0.11,-0.22,-0.11
2024-03-12 17:14:00.910940,674,0.030102999665900007,0.0,0,-0.11,-0.22,-0.11
2024-03-12 17:14:01.128805,676,0.030102999665900007,0.0500000007451,0,-0.11,-0.22,-0.11
2024-03-12 17:14:01.133285,661,0.030102999665900007,0.0,0,-0.11,-0.22,-0.11
2024-03-12 17:14:01.133674,675,0.030102999665900007,0.0250000003725,0,-0.11,-0.22,-0.11
2024-03-12 17:14:11.137363,677,0.030102999665900007,0.0,0,-0.11,-0.22,-0.11
2024-03-12 17:15:19.296851,660,0.030102999665900007,0.0,0,-0.11,-0.22,-0.11
2024-03-12 17:15:19.668773,676,0.030102999665900007,0.0250000003725,0,-0.11,-0.22,-0.11
2024-03-12 17:15:29.676267,677,0.030102999665900007,0.0250000003725,0,-0.11,-0.22,-0.11
2024-03-12 17:16:31.808173,172,0.030102999665900007,0.425000011921,0,-0.11,-0.22,-0.11
2024-03-12 17:16:31.809679,203,0.030102999665900007,0.0750000029802,0,-0.11,-0.22,-0.11
2024-03-12 17:16:31.810098,197,0.030102999665900007,0.0,0,-0.11,-0.22,-0.11
2024-03-12 17:16:41.814533,341,0.030102999665900007,0.0250000003725,0,-0.11,-0.22,-0.11
2024-03-12 17:17:01.476171,128,0.030102999665900007,0.0,0,-0.11,-0.22,-0.11
2024-03-12 17:17:01.477065,129,0.030102999665900007,0.0,0,-0.11,-0.22,-0.11
2024-03-12 17:17:01.489594,130,0.030102999665900007,0.0,0,-0.11,-0.22,-0.11
2024-03-12 17:18:07.876846,660,0.030102999665900007,0.0500000007451,0,-0.11,-0.22,-0.11
2024-03-12 17:18:08.220778,676,0.030102999665900007,0.0,0,-0.11,-0.22,-0.11
2024-03-12 17:18:18.228482,677,0.030102999665900007,0.0,0,-0.11,-0.22,-0.11
2024-03-12 17:18:57.368102,172,0.030102999665900007,0.0,0,-0.11,-0.22,-0.11
2024-03-12 17:18:57.369396,203,0.030102999665900007,0.0250000003725,0,-0.11,-0.22,-0.11
2024-03-12 17:18:57.369920,197,0.030102999665900007,0.0250000003725,0,-0.11,-0.22,-0.11
2024-03-12 17:19:07.374402,341,0.030102999665900007,0.300000011921,0,-0.11,-0.22,-0.11
2024-03-12 17:20:02.428839,89,1.0,0.125,0,-0.11,-0.22,-0.11
2024-03-12 17:20:02.428849,440,0.030102999665900007,0.125,0,-0.11,-0.22,-0.11
2024-03-12 17:20:02.428859,439,0.030102999665900007,0.27500000596,0,-0.11,-0.22,-0.11
2024-03-12 17:20:02.428869,195,0.030102999665900007,0.22499999404,0,-0.11,-0.22,-0.11
2024-03-12 17:20:02.428879,438,0.030102999665900007,0.22499999404,0,-0.11,-0.22,-0.11
2024-03-12 17:20:02.428889,431,0.030102999665900007,0.17499999702,0,-0.11,-0.22,-0.11
2024-03-12 17:20:02.428899,432,0.030102999665900007,0.15000000596,0,-0.11,-0.22,-0.11
2024-03-12 17:20:02.428909,433,0.030102999665900007,0.34999999404,0,-0.11,-0.22,-0.11
2024-03-12 17:20:02.428919,434,0.030102999665900007,0.0750000029802,0,-0.11,-0.22,-0.11
2024-03-12 17:20:02.428929,435,0.030102999665900007,0.0750000029802,0,-0.11,-0.22,-0.11
2024-03-12 17:20:02.428939,435,0.030102999665900007,0.0750000029802,0,-0.11,-0.22,-0.11
2024-03-12 17:20:02.428949,436,0.030102999665900007,0.0750000029802,0,-0.11,-0.22,-0.11
2024-03-12 17:20:02.428959,256,0.030102999665900007,0.0750000029802,0,-0.11,-0.22,-0.11
2024-03-12 17:20:02.428969,437,0.030102999665900007,0.10000000149,0,-0.11,-0.22,-0.11
2024-03-12 17:20:02.428979,272,0.030102999665900007,0.0500000007451,0,-0.11,-0.22,-0.11
2024-03-12 17:20:02.428989,442,0.030102999665900007,0.0250000003725,0,-0.11,-0.22,-0.11
2024-03-12 17:20:02.428999,435,0.030102999665900007,0.0,0,-0.11,-0.22,-0.11
2024-03-12 17:20:02.429009,245,0.030102999665900007,0.0500000007451,0,-0.11,-0.22,-0.11
2024-03-12 17:20:02.429019,443,0.030102999665900007,0.0250000003725,0,-0.11,-0.22,-0.11
2024-03-12 17:20:02.429029,444,0.030102999665900007,0.0,0,-0.11,-0.22,-0.11
2024-03-12 17:20:02.429039,445,0.030102999665900007,0.0500000007451,0,-0.11,-0.22,-0.11
2024-03-12 17:20:02.429049,257,0.030102999665900007,0.300000011921,0,-0.11,-0.22,-0.11
2024-03-12 17:20:02.429059,273,0.030102999665900007,0.0500000007451,0,-0.11,-0.22,-0.11
2024-03-12 17:20:02.429069,196,0.030102999665900007,0.0500000007451,0,-0.11,-0.22,-0.11
2024-03-12 17:20:02.429079,274,0.030102999665900007,0.10000000149,0,-0.11,-0.22,-0.11
2024-03-12 17:20:02.429089,212,0.030102999665900007,0.0500000007451,0,-0.11,-0.22,-0.11
2024-03-12 17:20:02.429099,456,0.030102999665900007,0.0250000003725,0,-0.11,-0.22,-0.11
2024-03-12 17:20:02.429109,257,0.030102999665900007,0.0,0,-0.11,-0.22,-0.11
2024-03-12 17:20:02.429119,257,0.030102999665900007,0.0,0,-0.11,-0.22,-0.11
2024-03-12 17:20:02.429129,457,0.030102999665900007,0.0250000003725,0,-0.11,-0.22,-0.11
2024-03-12 17:20:02.429139,458,0.030102999665900007,0.0500000007451,0,-0.11,-0.22,-0.11
2024-03-12 17:20:02.429149,450,0.030102999665900007,0.0250000003725,0,-0.11,-0.22,-0.11
2024-03-12 17:20:02.429159,455,0.030102999665900007,0.0750000029802,0,-0.11,-0.22,-0.11
2024-03-12 17:20:02.429169,257,0.030102999665900007,0.0500000007451,0,-0.11,-0.22,-0.11
2024-03-12 17:20:02.429179,257,0.030102999665900007,0.0,0,-0.11,-0.22,-0.11
2024-03-12 17:20:02.429189,352,0.030102999665900007,0.0250000003725,0,-0.11,-0.22,-0.11
2024-03-12 17:20:02.429199,443,0.030102999665900007,0.0,0,-0.11,-0.22,-0.11
2024-03-12 17:20:02.429209,448,0.030102999665900007,0.0,0,-0.11,-0.22,-0.11
2024-03-12 17:20:02.429219,257,0.030102999665900007,0.0250000003725,0,-0.11,-0.22,-0.11
2024-03-12 17:20:02.429229,449,0.030102999665900007,0.0,0,-0.11,-0.22,-0.11
2024-03-12 17:20:02.429239,257,0.030102999665900007,0.0,0,-0.11,-0.22,-0.11
2024-03-12 17:20:02.429249,257,0.030102999665900007,0.0,0,-0.11,-0.22,-0.11
2024-03-12 17:20:02.429259,454,0.030102999665900007,0.0250000003725,0,-0.11,-0.22,-0.11
2024-03-12 17:20:02.429269,257,0.030102999665900007,0.0,0,-0.11,-0.22,-0.11
2024-03-12 17:20:02.429279,353,0.030102999665900007,0.0250000003725,0,-0.11,-0.22,-0.11
2024-03-12 17:20:02.429289,257,0.030102999665900007,0.0,0,-0.11,-0.22,-0.11
2024-03-12 17:20:02.429299,353,0.030102999665900007,0.0250000003725,0,-0.11,-0.22,-0.11
2024-03-12 17:20:02.429309,266,0.030102999665900007,0.0,0,-0.11,-0.22,-0.11
2024-03-12 17:20:02.429319,446,0.030102999665900007,0.0,0,-0.11,-0.22,-0.11
2024-03-12 17:20:02.429329,435,0.030102999665900007,0.0,0,-0.11,-0.22,-0.11
2024-03-12 17:20:02.429339,452,0.09142233519089996,0.0250000003725,0,-0.11,-0.22,-0.11
2024-03-12 17:20:02.429349,257,0.09142233519089996,0.0,0,-0.11,-0.22,-0.11
2024-03-12 17:20:02.429359,451,0.09507639308710003,0.0,0,-0.11,-0.22,-0.11
2024-03-12 17:20:02.429369,353,0.08785750786879999,0.0500000007451,0,-0.11,-0.22,-0.11
2024-03-12 17:20:02.429379,447,0.09142233519089996,0.0,0,-0.11,-0.22,-0.11
2024-03-12 17:20:02.429389,445,0.09142233519089996,0.0,0,-0.11,-0.22,-0.11
2024-03-12 17:20:02.429399,212,0.08785750786879999,0.0500000007451,0,-0.11,-0.22,-0.11
2024-03-12 17:20:02.429409,195,0.08438133141989998,0.0250000003725,0,-0.11,-0.22,-0.11
2024-03-12 17:20:02.429419,444,0.08438133141989998,0.0,0,-0.11,-0.22,-0.11
2024-03-12 17:20:02.429429,189,0.08438133141989998,0.0,0,-0.11,-0.22,-0.11
2024-03-12 17:20:02.429439,443,0.08785750786879999,0.0,0,-0.11,-0.22,-0.11
2024-03-12 17:20:02.429449,435,0.08438133141989998,0.0250000003725,0,-0.11,-0.22,-0.11
2024-03-12 17:20:02.429459,435,0.08438133141989998,0.0,0,-0.11,-0.22,-0.11
2024-03-12 17:20:02.429469,435,0.09142233519089996,0.0,0,-0.11,-0.22,-0.11
2024-03-12 17:20:02.429479,245,0.09142233519089996,0.0,0,-0.11,-0.22,-0.11
2024-03-12 17:20:02.429489,437,0.09142233519089996,0.0,0,-0.11,-0.22,-0.11
2024-03-12 17:20:02.429499,439,0.098820241796,0.0,0,-0.11,-0.22,-0.11
2024-03-12 17:20:02.429509,434,0.102654422727,0.0,0,-0.11,-0.22,-0.11
2024-03-12 17:20:02.429519,433,0.102654422727,0.0,0,-0.11,-0.22,-0.11
2024-03-12 17:20:02.429529,432,0.102654422727,0.0,0,-0.11,-0.22,-0.11
2024-03-12 17:20:02.429539,431,0.102654422727,0.0,0,-0.11,-0.22,-0.11
2024-03-12 17:20:02.429549,273,0.10657945908,0.0,0,-0.11,-0.22,-0.11
2024-03-12 17:20:02.429559,272,0.10657945908,0.0,0,-0.11,-0.22,-0.11
2024-03-12 17:20:02.429569,438,0.10657945908,0.0,0,-0.11,-0.22,-0.11
2024-03-12 17:20:02.429579,440,0.10657945908,0.0,0,-0.11,-0.22,-0.11
2024-03-12 17:20:02.429589,442,0.10657945908,0.0,0,-0.11,-0.22,-0.11
2024-03-12 17:20:02.429599,436,0.10657945908,0.0,0,-0.11,-0.22,-0.11
2024-03-12 17:20:02.429609,256,0.102654422727,0.0250000003725,0,-0.11,-0.22,-0.11
2024-03-12 17:20:02.429619,196,0.098820241796,0.0250000003725,0,-0.11,-0.22,-0.11
2024-03-12 17:20:02.429629,257,0.098820241796,0.0,0,-0.11,-0.22,-0.11
2024-03-12 17:20:02.429639,274,0.098820241796,0.0,0,-0.11,-0.22,-0.11
2024-03-12 17:20:02.429649,458,0.098820241796,0.0,0,-0.11,-0.22,-0.11
2024-03-12 17:20:02.429659,457,0.098820241796,0.0,0,-0.11,-0.22,-0.11
2024-03-12 17:20:02.429669,257,0.098820241796,0.0,0,-0.11,-0.22,-0.11
2024-03-12 17:20:02.429679,257,0.098820241796,0.0,0,-0.11,-0.22,-0.11
2024-03-12 17:20:02.429689,456,0.098820241796,0.0,0,-0.11,-0.22,-0.11
2024-03-12 17:20:02.429699,455,0.098820241796,0.0,0,-0.11,-0.22,-0.11
2024-03-12 17:20:02.429709,443,0.102654422727,0.0,0,-0.11,-0.22,-0.11
2024-03-12 17:20:02.429719,454,0.10657945908,0.0,0,-0.11,-0.22,-0.11
2024-03-12 17:20:02.429729,446,0.10657945908,0.0,0,-0.11,-0.22,-0.11
2024-03-12 17:20:02.429739,352,0.098820241796,0.0500000007451,0,-0.11,-0.22,-0.11
2024-03-12 17:20:02.429749,266,0.098820241796,0.0,0,-0.11,-0.22,-0.11
2024-03-12 17:20:02.429759,353,0.098820241796,0.0,0,-0.11,-0.22,-0.11
2024-03-12 17:20:02.429769,353,0.09142233519089996,0.0500000007451,0,-0.11,-0.22,-0.11
2024-03-12 17:20:02.429779,353,0.08438133141989998,0.0500000007451,0,-0.11,-0.22,-0.11
2024-03-12 17:20:02.429789,257,0.08438133141989998,0.0,0,-0.11,-0.22,-0.11
2024-03-12 17:20:02.429799,257,0.08438133141989998,0.0,0,-0.11,-0.22,-0.11
2024-03-12 17:20:02.429809,257,0.08438133141989998,0.0,0,-0.11,-0.22,-0.11
2024-03-12 17:20:02.429819,448,0.08438133141989998,0.0,0,-0.11,-0.22,-0.11
2024-03-12 17:20:02.429829,449,0.0809932060367,0.0250000003725,0,-0.11,-0.22,-0.11
2024-03-12 17:20:02.429839,257,0.0584258815197,0.0,0,-0.11,-0.22,-0.11
2024-03-12 17:20:02.429849,450,0.0584258815197,0.0,0,-0.11,-0.22,-0.11
2024-03-12 17:20:02.429859,257,0.0584258815197,0.0,0,-0.11,-0.22,-0.11
2024-03-12 17:20:02.429869,451,0.0641314817174,0.0,0,-0.11,-0.22,-0.11
2024-03-12 17:20:02.429879,257,0.067114598958,0.0250000003725,0,-0.11,-0.22,-0.11
2024-03-12 17:20:02.429889,452,0.067114598958,0.0,0,-0.11,-0.22,-0.11
2024-03-12 17:20:02.429899,435,0.067114598958,0.0,0,-0.11,-0.22,-0.11
2024-03-12 17:20:02.429909,257,0.067114598958,0.0,0,-0.11,-0.22,-0.11
2024-03-12 17:20:02.429919,257,0.067114598958,0.0,0,-0.11,-0.22,-0.11
2024-03-12 17:20:02.429929,447,0.067114598958,0.0250000003725,0,-0.11,-0.22,-0.11
2024-03-12 17:20:02.429939,192,0.067114598958,0.0,0,-0.11,-0.22,-0.11
2024-03-12 17:20:02.429949,287,0.067114598958,0.0,0,-0.11,-0.22,-0.11
2024-03-12 17:20:02.429959,193,0.067114598958,0.0,0,-0.11,-0.22,-0.11
2024-03-12 17:20:02.429969,192,0.0612355154101,0.0500000007451,0,-0.11,-0.22,-0.11
2024-03-12 17:20:02.429979,193,0.0641314817174,0.0,0,-0.11,-0.22,-0.11
2024-03-12 17:20:02.429989,287,0.0641314817174,0.0,0,-0.11,-0.22,-0.11
2024-03-12 17:20:02.429999,445,0.0641314817174,0.0,0,-0.11,-0.22,-0.11
2024-03-12 17:20:02.430009,440,0.0612355154101,0.0250000003725,0,-0.11,-0.22,-0.11
2024-03-12 17:20:02.430019,257,0.0612355154101,0.0,0,-0.11,-0.22,-0.11
2024-03-12 17:20:02.430029,212,0.0641314817174,0.0,0,-0.11,-0.22,-0.11
2024-03-12 17:20:02.430039,444,0.0641314817174,0.0,0,-0.11,-0.22,-0.11
2024-03-12 17:20:02.430049,443,0.0612355154101,0.0250000003725,0,-0.11,-0.22,-0.11
2024-03-12 17:20:02.430059,245,0.0612355154101,0.0,0,-0.11,-0.22,-0.11
2024-03-12 17:20:02.430069,272,0.067114598958,0.0,0,-0.11,-0.22,-0.11
2024-03-12 17:20:02.430079,435,0.067114598958,0.0,0,-0.11,-0.22,-0.11
2024-03-12 17:20:02.430089,432,0.0641314817174,0.0250000003725,0,-0.11,-0.22,-0.11
2024-03-12 17:20:02.430099,433,0.0641314817174,0.0,0,-0.11,-0.22,-0.11
2024-03-12 17:20:02.430109,434,0.067114598958,0.0,0,-0.11,-0.22,-0.11
2024-03-12 17:20:02.430119,435,0.067114598958,0.0,0,-0.11,-0.22,-0.11
2024-03-12 17:20:02.430129,435,0.067114598958,0.0,0,-0.11,-0.22,-0.11
2024-03-12 17:20:02.430139,436,0.067114598958,0.0,0,-0.11,-0.22,-0.11
2024-03-12 17:20:02.430149,256,0.04333161593780002,0.25,0,-0.11,-0.22,-0.11
2024-03-12 17:20:02.430159,437,0.04333161593780002,0.0,0,-0.11,-0.22,-0.11
2024-03-12 17:20:02.430169,438,0.0411009576394,0.0250000003725,0,-0.11,-0.22,-0.11
2024-03-12 17:20:02.430179,439,0.0411009576394,0.0,0,-0.11,-0.22,-0.11
2024-03-12 17:20:02.430189,431,0.04333161593780002,0.0,0,-0.11,-0.22,-0.11
2024-03-12 17:20:02.430199,273,0.04333161593780002,0.0,0,-0.11,-0.22,-0.11
2024-03-12 17:20:02.430209,189,0.0389490212236,0.0500000007451,0,-0.11,-0.22,-0.11
2024-03-12 17:20:02.430219,442,0.0389490212236,0.0,0,-0.11,-0.22,-0.11
2024-03-12 17:20:02.430229,274,0.0389490212236,0.0,0,-0.11,-0.22,-0.11
2024-03-12 17:20:02.430239,196,0.0368747132863,0.0250000003725,0,-0.11,-0.22,-0.11
2024-03-12 17:20:02.430249,195,0.0612355154101,0.0,0,-0.11,-0.22,-0.11
2024-03-12 17:20:02.430259,458,0.0612355154101,0.0,0,-0.11,-0.22,-0.11
2024-03-12 17:20:02.430269,457,0.0612355154101,0.0250000003725,0,-0.11,-0.22,-0.11
2024-03-12 17:20:02.430279,257,0.0612355154101,0.0,0,-0.11,-0.22,-0.11
2024-03-12 17:20:02.430289,456,0.0612355154101,0.0,0,-0.11,-0.22,-0.11
2024-03-12 17:20:02.430299,455,0.0612355154101,0.0,0,-0.11,-0.22,-0.11
2024-03-12 17:20:02.430309,257,0.067114598958,0.0,0,-0.11,-0.22,-0.11
2024-03-12 17:20:02.430319,443,0.067114598958,0.0,0,-0.11,-0.22,-0.11
2024-03-12 17:20:02.430329,454,0.067114598958,0.0,0,-0.11,-0.22,-0.11
2024-03-12 17:20:02.430339,257,0.07018565846189999,0.0,0,-0.11,-0.22,-0.11
2024-03-12 17:20:02.430349,435,0.07018565846189999,0.0,0,-0.11,-0.22,-0.11
2024-03-12 17:20:02.430359,452,0.07018565846189999,0.0,0,-0.11,-0.22,-0.11
2024-03-12 17:20:02.430369,257,0.07334542511310001,0.0,0,-0.11,-0.22,-0.11
2024-03-12 17:20:02.430379,257,0.07334542511310001,0.0,0,-0.11,-0.22,-0.11
2024-03-12 17:20:02.430389,450,0.07334542511310001,0.0,0,-0.11,-0.22,-0.11
2024-03-12 17:20:02.430399,446,0.07334542511310001,0.0,0,-0.11,-0.22,-0.11
2024-03-12 17:20:02.430409,352,0.07334542511310001,0.0,0,-0.11,-0.22,-0.11
2024-03-12 17:20:02.430419,266,0.07334542511310001,0.0,0,-0.11,-0.22,-0.11
2024-03-12 17:20:02.430429,353,0.07018565846189999,0.0250000003725,0,-0.11,-0.22,-0.11
2024-03-12 17:20:02.430439,353,0.067114598958,0.0250000003725,0,-0.11,-0.22,-0.11
2024-03-12 17:20:02.430449,257,0.067114598958,0.0,0,-0.11,-0.22,-0.11
2024-03-12 17:20:02.430459,353,0.067114598958,0.0,0,-0.11,-0.22,-0.11
2024-03-12 17:20:02.430469,449,0.067114598958,0.0,0,-0.11,-0.22,-0.11
2024-03-12 17:20:02.430479,257,0.067114598958,0.0,0,-0.11,-0.22,-0.11
2024-03-12 17:20:02.430489,448,0.067114598958,0.0,0,-0.11,-0.22,-0.11
2024-03-12 17:20:02.430499,257,0.067114598958,0.0,0,-0.11,-0.22,-0.11
2024-03-12 17:20:02.430509,447,0.067114598958,0.0,0,-0.11,-0.22,-0.11
2024-03-12 17:20:02.430519,451,0.0641314817174,0.0250000003725,0,-0.11,-0.22,-0.11
2024-03-12 17:20:02.430529,257,0.067114598958,0.0,0,-0.11,-0.22,-0.11
2024-03-12 17:20:02.430539,257,0.07018565846189999,0.0,0,-0.11,-0.22,-0.11
2024-03-12 17:20:02.430549,144,0.067114598958,0.0250000003725,0,-0.11,-0.22,-0.11
2024-03-12 17:20:02.430559,145,0.0612355154101,0.0500000007451,0,-0.11,-0.22,-0.11
2024-03-12 17:20:02.430569,143,0.0557017336121,0.0500000007451,0,-0.11,-0.22,-0.11
2024-03-12 17:20:02.430579,200,0.0557017336121,0.0,0,-0.11,-0.22,-0.11
2024-03-12 17:20:02.430589,197,0.053062196617300016,0.0250000003725,0,-0.11,-0.22,-0.11
2024-03-12 17:20:02.430599,143,0.050506366129700005,0.0250000003725,0,-0.11,-0.22,-0.11
2024-03-12 17:20:02.430609,143,0.04803330773,0.0250000003725,0,-0.11,-0.22,-0.11
2024-03-12 17:20:02.430619,143,0.04803330773,0.0250000003725,0,-0.11,-0.22,-0.11
2024-03-12 17:20:02.430629,200,0.04803330773,0.0,0,-0.11,-0.22,-0.11
2024-03-12 17:20:02.430639,192,0.04803330773,0.0,0,-0.11,-0.22,-0.11
2024-03-12 17:20:02.430649,193,0.050506366129700005,0.0,0,-0.11,-0.22,-0.11
2024-03-12 17:20:02.430659,287,0.0557017336121,0.0,0,-0.11,-0.22,-0.11
2024-03-12 17:20:02.430669,189,0.0584258815197,0.0250000003725,0,-0.11,-0.22,-0.11
2024-03-12 17:20:02.430679,431,0.0584258815197,0.0,0,-0.11,-0.22,-0.11
2024-03-12 17:20:02.430689,432,0.0612355154101,0.0,0,-0.11,-0.22,-0.11
2024-03-12 17:20:02.430699,433,0.0641314817174,0.0,0,-0.11,-0.22,-0.11
2024-03-12 17:20:02.430709,435,0.067114598958,0.0,0,-0.11,-0.22,-0.11
2024-03-12 17:20:02.430719,434,0.07018565846189999,0.0,0,-0.11,-0.22,-0.11
2024-03-12 17:20:02.430729,435,0.07018565846189999,0.0,0,-0.11,-0.22,-0.11
2024-03-12 17:20:02.430739,436,0.07018565846189999,0.0,0,-0.11,-0.22,-0.11
2024-03-12 17:20:02.430749,195,0.07018565846189999,0.0,0,-0.11,-0.22,-0.11
2024-03-12 17:20:02.430759,437,0.07018565846189999,0.0,0,-0.11,-0.22,-0.11
2024-03-12 17:20:02.430769,438,0.07334542511310001,0.0,0,-0.11,-0.22,-0.11
2024-03-12 17:20:02.430779,439,0.07334542511310001,0.0,0,-0.11,-0.22,-0.11
2024-03-12 17:20:02.430789,440,0.07334542511310001,0.0,0,-0.11,-0.22,-0.11
2024-03-12 17:20:02.430799,196,0.07018565846189999,0.0250000003725,0,-0.11,-0.22,-0.11
2024-03-12 17:20:02.430809,274,0.07018565846189999,0.0,0,-0.11,-0.22,-0.11
2024-03-12 17:20:02.430819,212,0.07018565846189999,0.0,0,-0.11,-0.22,-0.11
2024-03-12 17:20:02.430829,445,0.07018565846189999,0.0,0,-0.11,-0.22,-0.11
2024-03-12 17:20:02.430839,444,0.0602713647834,0.0,0,-0.11,-0.22,-0.11
2024-03-12 17:20:02.430849,443,0.0602713647834,0.0,0,-0.11,-0.22,-0.11
2024-03-12 17:20:02.430859,245,0.0602713647834,0.0,0,-0.11,-0.22,-0.11
2024-03-12 17:20:02.430869,256,0.0602713647834,0.0,0,-0.11,-0.22,-0.11
2024-03-12 17:20:02.430879,257,0.0602713647834,0.0,0,-0.11,-0.22,-0.11
2024-03-12 17:20:02.430889,442,0.0602713647834,0.0,0,-0.11,-0.22,-0.11
2024-03-12 17:20:02.430899,435,0.0637270112232,0.0,0,-0.11,-0.22,-0.11
2024-03-12 17:20:02.430909,272,0.0637270112232,0.0,0,-0.11,-0.22,-0.11
2024-03-12 17:20:02.430919,273,0.0637270112232,0.0,0,-0.11,-0.22,-0.11
2024-03-12 17:20:02.430929,353,0.0602713647834,0.0250000003725,0,-0.11,-0.22,-0.11
2024-03-12 17:20:02.430939,353,0.0420931985956,0.15000000596,0,-0.11,-0.22,-0.11
2024-03-12 17:20:02.430949,353,0.0369674824216,0.0500000007451,0,-0.11,-0.22,-0.11
2024-03-12 17:20:02.430959,257,0.0537314488701,0.300000011921,0,-0.11,-0.22,-0.11
2024-03-12 17:20:02.430969,447,0.0537314488701,0.0,0,-0.11,-0.22,-0.11
2024-03-12 17:20:02.430979,257,0.0537314488701,0.0,0,-0.11,-0.22,-0.11
2024-03-12 17:20:02.430989,448,0.0537314488701,0.0,0,-0.11,-0.22,-0.11
2024-03-12 17:20:02.430999,257,0.0537314488701,0.0,0,-0.11,-0.22,-0.11
2024-03-12 17:20:02.431009,458,0.0537314488701,0.0,0,-0.11,-0.22,-0.11
2024-03-12 17:20:02.431019,457,0.0537314488701,0.0,0,-0.11,-0.22,-0.11
2024-03-12 17:20:02.431029,257,0.0506441338105,0.0,0,-0.11,-0.22,-0.11
2024-03-12 17:20:02.431039,454,0.0345714618466,0.0,0,-0.11,-0.22,-0.11
2024-03-12 17:20:02.431049,449,0.0301030006808,0.0,0,-0.11,-0.22,-0.11
2024-03-12 17:20:02.431059,257,0.0637270112232,0.0,0,-0.11,-0.22,-0.11
2024-03-12 17:20:02.431069,450,0.0637270112232,0.0,0,-0.11,-0.22,-0.11
2024-03-12 17:20:02.431079,257,0.0369674836999,0.22499999404,0,-0.11,-0.22,-0.11
2024-03-12 17:20:02.431089,451,0.0369674836999,0.0,0,-0.11,-0.22,-0.11
2024-03-12 17:20:02.431099,257,0.0369674836999,0.0,0,-0.11,-0.22,-0.11
2024-03-12 17:20:02.431109,452,0.0369674836999,0.0,0,-0.11,-0.22,-0.11
2024-03-12 17:20:02.431119,266,0.0369674836999,0.0,0,-0.11,-0.22,-0.11
2024-03-12 17:20:02.431129,352,0.0322839959533,0.0500000007451,0,-0.11,-0.22,-0.11
2024-03-12 17:20:02.431139,446,0.0322839959533,0.0,0,-0.11,-0.22,-0.11
2024-03-12 17:20:02.431149,435,0.0322839959533,0.0,0,-0.11,-0.22,-0.11
2024-03-12 17:20:02.431159,257,0.0322839959533,0.0,0,-0.11,-0.22,-0.11
2024-03-12 17:20:02.431169,455,0.0322839959533,0.0,0,-0.11,-0.22,-0.11
2024-03-12 17:20:02.431179,257,0.05694000689119999,0.0,0,-0.11,-0.22,-0.11
2024-03-12 17:20:02.431189,443,0.05694000689119999,0.0,0,-0.11,-0.22,-0.11
2024-03-12 17:20:02.431199,257,0.05694000689119999,0.0,0,-0.11,-0.22,-0.11
2024-03-12 17:20:02.431209,456,0.05694000689119999,0.0,0,-0.11,-0.22,-0.11
2024-03-12 17:20:02.431219,212,0.0537314463373,0.0250000003725,0,-0.11,-0.22,-0.11
2024-03-12 17:20:02.431229,443,0.0602713647834,0.0,0,-0.11,-0.22,-0.11
2024-03-12 17:20:02.431239,245,0.0602713647834,0.0,0,-0.11,-0.22,-0.11
2024-03-12 17:20:02.431249,435,0.0602713647834,0.0,0,-0.11,-0.22,-0.11
2024-03-12 17:20:02.431259,442,0.0602713647834,0.0,0,-0.11,-0.22,-0.11
2024-03-12 17:20:02.431269,440,0.0602713647834,0.0,0,-0.11,-0.22,-0.11
2024-03-12 17:20:02.431279,439,0.0602713647834,0.0,0,-0.11,-0.22,-0.11
2024-03-12 17:20:02.431289,438,0.0602713647834,0.0,0,-0.11,-0.22,-0.11
2024-03-12 17:20:02.431299,437,0.0602713647834,0.0,0,-0.11,-0.22,-0.11
2024-03-12 17:20:02.431309,256,0.0602713647834,0.0,0,-0.11,-0.22,-0.11
2024-03-12 17:20:02.431319,436,0.0637270112232,0.0,0,-0.11,-0.22,-0.11
2024-03-12 17:20:02.431329,435,0.0637270112232,0.0,0,-0.11,-0.22,-0.11
2024-03-12 17:20:02.431339,435,0.0637270112232,0.0,0,-0.11,-0.22,-0.11
2024-03-12 17:20:02.431349,431,0.0637270112232,0.0,0,-0.11,-0.22,-0.11
2024-03-12 17:20:02.431359,432,0.0637270112232,0.0,0,-0.11,-0.22,-0.11
2024-03-12 17:20:02.431369,433,0.0637270112232,0.0,0,-0.11,-0.22,-0.11
2024-03-12 17:20:02.431379,189,0.05694000689119999,0.0500000007451,0,-0.11,-0.22,-0.11
2024-03-12 17:20:02.431389,445,0.05694000689119999,0.0,0,-0.11,-0.22,-0.11
2024-03-12 17:20:02.431399,195,0.05694000689119999,0.0,0,-0.11,-0.22,-0.11
2024-03-12 17:20:02.431409,444,0.05694000689119999,0.0,0,-0.11,-0.22,-0.11
2024-03-12 17:20:02.431419,434,0.05694000689119999,0.0,0,-0.11,-0.22,-0.11
2024-03-12 17:20:02.431429,274,0.05694000689119999,0.0,0,-0.11,-0.22,-0.11
2024-03-12 17:20:02.431439,196,0.05694000689119999,0.0,0,-0.11,-0.22,-0.11
2024-03-12 17:20:02.431449,272,0.05694000689119999,0.0,0,-0.11,-0.22,-0.11
2024-03-12 17:20:02.431459,273,0.05694000689119999,0.0,0,-0.11,-0.22,-0.11
2024-03-12 17:20:02.431469,257,0.05694000689119999,0.0,0,-0.11,-0.22,-0.11
2024-03-12 17:20:02.431479,257,0.042093199592500005,0.17499999702,0,-0.11,-0.22,-0.11
2024-03-12 17:20:02.431489,446,0.042093199592500005,0.0,0,-0.11,-0.22,-0.11
2024-03-12 17:20:02.431499,352,0.036967483334699985,0.0500000007451,0,-0.11,-0.22,-0.11
2024-03-12 17:20:02.431509,266,0.036967483334699985,0.0,0,-0.11,-0.22,-0.11
2024-03-12 17:20:02.431519,353,0.034571460451,0.125,0,-0.11,-0.22,-0.11
2024-03-12 17:20:02.431529,257,0.0369674829329,0.0250000003725,0,-0.11,-0.22,-0.11
2024-03-12 17:20:02.431539,447,0.0369674829329,0.0,0,-0.11,-0.22,-0.11
2024-03-12 17:20:02.431549,257,0.0369674829329,0.0,0,-0.11,-0.22,-0.11
2024-03-12 17:20:02.431559,448,0.0369674829329,0.0,0,-0.11,-0.22,-0.11
2024-03-12 17:20:02.431569,353,0.0420931991539,0.0500000007451,0,-0.11,-0.22,-0.11
2024-03-12 17:20:02.431579,353,0.0322839952875,0.0250000003725,0,-0.11,-0.22,-0.11
2024-03-12 17:20:02.431589,450,0.0322839952875,0.0,0,-0.11,-0.22,-0.11
2024-03-12 17:20:02.431599,257,0.0369674829694,0.0,0,-0.11,-0.22,-0.11
2024-03-12 17:20:02.431609,456,0.0345714604859,0.0250000003725,0,-0.11,-0.22,-0.11
2024-03-12 17:20:02.431619,443,0.0476764479989,0.0,0,-0.11,-0.22,-0.11
2024-03-12 17:20:02.431629,257,0.0506441313746,0.0,0,-0.11,-0.22,-0.11
2024-03-12 17:20:02.431639,457,0.0476764479989,0.0250000003725,0,-0.11,-0.22,-0.11
2024-03-12 17:20:02.431649,458,0.0476764479989,0.0,0,-0.11,-0.22,-0.11
2024-03-12 17:20:02.431659,454,0.0448267183128,0.0250000003725,0,-0.11,-0.22,-0.11
2024-03-12 17:20:02.431669,455,0.0476764479989,0.0250000003725,0,-0.11,-0.22,-0.11
2024-03-12 17:20:02.431679,257,0.0506441313746,0.0,0,-0.11,-0.22,-0.11
2024-03-12 17:20:02.431689,452,0.0476764479989,0.0250000003725,0,-0.11,-0.22,-0.11
2024-03-12 17:20:02.431699,257,0.0476764479989,0.0,0,-0.11,-0.22,-0.11
2024-03-12 17:20:02.431709,451,0.0476764479989,0.0250000003725,0,-0.11,-0.22,-0.11
2024-03-12 17:20:02.431719,449,0.0476764479989,0.0,0,-0.11,-0.22,-0.11
2024-03-12 17:20:02.431729,257,0.0476764479989,0.0,0,-0.11,-0.22,-0.11
2024-03-12 17:20:02.431739,257,0.0448267183128,0.0500000007451,0,-0.11,-0.22,-0.11
2024-03-12 17:20:02.431749,435,0.0369674826042,0.0750000029802,0,-0.11,-0.22,-0.11
2024-03-12 17:20:02.431759,257,0.0394740797029,0.0,0,-0.11,-0.22,-0.11
2024-03-12 17:20:02.431769,256,0.0322839949547,0.10000000149,0,-0.11,-0.22,-0.11
2024-03-12 17:20:02.431779,431,0.0394740808103,0.125,0,-0.11,-0.22,-0.11
2024-03-12 17:20:02.431789,432,0.0369674836634,0.0,0,-0.11,-0.22,-0.11
2024-03-12 17:20:02.431799,433,0.0369674836634,0.0,0,-0.11,-0.22,-0.11
2024-03-12 17:20:02.431809,434,0.034571461148800005,0.0,0,-0.11,-0.22,-0.11
2024-03-12 17:20:02.431819,435,0.034571461148800005,0.0,0,-0.11,-0.22,-0.11
2024-03-12 17:20:02.431829,435,0.034571461148800005,0.0,0,-0.11,-0.22,-0.11
2024-03-12 17:20:02.431839,437,0.0301030001038,0.0,0,-0.11,-0.22,-0.11
2024-03-12 17:20:02.431849,436,0.0380852701881,0.0,0,-0.11,-0.22,-0.11
2024-03-12 17:20:02.431859,438,0.0380852701881,0.0,0,-0.11,-0.22,-0.11
2024-03-12 17:20:02.431869,435,0.050805887806,0.0,0,-0.11,-0.22,-0.11
2024-03-12 17:20:02.431879,195,0.0702866141355,0.0,0,-0.11,-0.22,-0.11
2024-03-12 17:20:02.431889,440,0.0702866141355,0.0,0,-0.11,-0.22,-0.11
2024-03-12 17:20:02.431899,442,0.0702866141355,0.0,0,-0.11,-0.22,-0.11
2024-03-12 17:20:02.431909,274,0.0702866141355,0.0,0,-0.11,-0.22,-0.11
2024-03-12 17:20:02.431919,245,0.054375652926699984,0.10000000149,0,-0.11,-0.22,-0.11
2024-03-12 17:20:02.431929,443,0.054375652926699984,0.0,0,-0.11,-0.22,-0.11
2024-03-12 17:20:02.431939,444,0.054375652926699984,0.0,0,-0.11,-0.22,-0.11
2024-03-12 17:20:02.431949,445,0.054375652926699984,0.0,0,-0.11,-0.22,-0.11
2024-03-12 17:20:02.431959,212,0.050805887546,0.0250000003725,0,-0.11,-0.22,-0.11
2024-03-12 17:20:02.431969,257,0.050805887546,0.0,0,-0.11,-0.22,-0.11
2024-03-12 17:20:02.431979,196,0.0441391777554,0.0500000007451,0,-0.11,-0.22,-0.11
2024-03-12 17:20:02.431989,189,0.0352810661616,0.0750000029802,0,-0.11,-0.22,-0.11
2024-03-12 17:20:02.431999,272,0.0352810661616,0.0,0,-0.11,-0.22,-0.11
2024-03-12 17:20:02.432009,439,0.0352810661616,0.0,0,-0.11,-0.22,-0.11
2024-03-12 17:20:02.432019,273,0.0473945813518,0.0,0,-0.11,-0.22,-0.11
2024-03-12 17:20:02.432029,257,0.0473945813518,0.0,0,-0.11,-0.22,-0.11
2024-03-12 17:20:02.432039,448,0.0352810661616,0.10000000149,0,-0.11,-0.22,-0.11
2024-03-12 17:20:02.432049,257,0.0352810661616,0.0,0,-0.11,-0.22,-0.11
2024-03-12 17:20:02.432059,449,0.0380852697593,0.0,0,-0.11,-0.22,-0.11
2024-03-12 17:20:02.432069,257,0.0380852697593,0.0,0,-0.11,-0.22,-0.11
2024-03-12 17:20:02.432079,450,0.044139177518600005,0.0,0,-0.11,-0.22,-0.11
2024-03-12 17:20:02.432089,257,0.054375652926699984,0.0,0,-0.11,-0.22,-0.11
2024-03-12 17:20:02.432099,257,0.054375652926699984,0.0,0,-0.11,-0.22,-0.11
2024-03-12 17:20:02.432109,452,0.054375652926699984,0.0,0,-0.11,-0.22,-0.11
2024-03-12 17:20:02.432119,435,0.054375652926699984,0.0,0,-0.11,-0.22,-0.11
2024-03-12 17:20:02.432129,443,0.054375652926699984,0.0,0,-0.11,-0.22,-0.11
2024-03-12 17:20:02.432139,454,0.06605962242959999,0.0250000003725,0,-0.11,-0.22,-0.11
2024-03-12 17:20:02.432149,257,0.06605962242959999,0.0,0,-0.11,-0.22,-0.11
2024-03-12 17:20:02.432159,257,0.06605962242959999,0.0,0,-0.11,-0.22,-0.11
2024-03-12 17:20:02.432169,451,0.06605962242959999,0.0,0,-0.11,-0.22,-0.11
2024-03-12 17:20:02.432179,447,0.06605962242959999,0.0,0,-0.11,-0.22,-0.11
2024-03-12 17:20:02.432189,455,0.0620002357528,0.0250000003725,0,-0.11,-0.22,-0.11
2024-03-12 17:20:02.432199,353,0.0620002357528,0.0,0,-0.11,-0.22,-0.11
2024-03-12 17:20:02.432209,353,0.054375652926699984,0.0500000007451,0,-0.11,-0.22,-0.11
2024-03-12 17:20:02.432219,353,0.054375652926699984,0.0,0,-0.11,-0.22,-0.11
2024-03-12 17:20:02.432229,446,0.054375652926699984,0.0,0,-0.11,-0.22,-0.11
2024-03-12 17:20:02.432239,352,0.0581063232972,0.0,0,-0.11,-0.22,-0.11
2024-03-12 17:20:02.432249,266,0.0581063232972,0.0,0,-0.11,-0.22,-0.11
2024-03-12 17:20:02.432259,257,0.0581063232972,0.0,0,-0.11,-0.22,-0.11
2024-03-12 17:20:02.432269,456,0.054375652926699984,0.0250000003725,0,-0.11,-0.22,-0.11
2024-03-12 17:20:02.432279,257,0.054375652926699984,0.0,0,-0.11,-0.22,-0.11
2024-03-12 17:20:02.432289,257,0.0581063232972,0.0,0,-0.11,-0.22,-0.11
2024-03-12 17:20:02.432299,458,0.0581063232972,0.0,0,-0.11,-0.22,-0.11
2024-03-12 17:20:02.432309,457,0.06605962242959999,0.0,0,-0.11,-0.22,-0.11
2024-03-12 17:20:02.432319,192,0.0620002357528,0.0250000003725,0,-0.11,-0.22,-0.11
2024-03-12 17:20:02.432329,193,0.0581063232972,0.0250000003725,0,-0.11,-0.22,-0.11
2024-03-12 17:20:02.432339,287,0.0581063232972,0.0,0,-0.11,-0.22,-0.11
2024-03-12 17:20:02.432349,189,0.0581063232972,0.0,0,-0.11,-0.22,-0.11
2024-03-12 17:20:02.432359,272,0.0581063232972,0.0,0,-0.11,-0.22,-0.11
2024-03-12 17:20:02.432369,273,0.054375652926699984,0.0500000007451,0,-0.11,-0.22,-0.11
2024-03-12 17:20:02.432379,195,0.050805887546,0.0250000003725,0,-0.11,-0.22,-0.11
2024-03-12 17:20:02.432389,274,0.050805887546,0.0,0,-0.11,-0.22,-0.11
2024-03-12 17:20:02.432399,257,0.0473945816001,0.0250000003725,0,-0.11,-0.22,-0.11
2024-03-12 17:20:02.432409,212,0.0473945816001,0.0,0,-0.11,-0.22,-0.11
2024-03-12 17:20:02.432419,445,0.0473945816001,0.0250000003725,0,-0.11,-0.22,-0.11
2024-03-12 17:20:02.432429,444,0.050805887546,0.0,0,-0.11,-0.22,-0.11
2024-03-12 17:20:02.432439,443,0.050805887546,0.0,0,-0.11,-0.22,-0.11
2024-03-12 17:20:02.432449,245,0.050805887546,0.0,0,-0.11,-0.22,-0.11
2024-03-12 17:20:02.432459,435,0.050805887546,0.0,0,-0.11,-0.22,-0.11
2024-03-12 17:20:02.432469,442,0.0581063232972,0.0,0,-0.11,-0.22,-0.11
2024-03-12 17:20:02.432479,439,0.0620002357528,0.0,0,-0.11,-0.22,-0.11
2024-03-12 17:20:02.432489,438,0.0620002357528,0.0,0,-0.11,-0.22,-0.11
2024-03-12 17:20:02.432499,440,0.06605962242959999,0.0,0,-0.11,-0.22,-0.11
2024-03-12 17:20:02.432509,256,0.0473945818485,0.125,0,-0.11,-0.22,-0.11
2024-03-12 17:20:02.432519,436,0.050805887806,0.0,0,-0.11,-0.22,-0.11
2024-03-12 17:20:02.432529,435,0.050805887806,0.0,0,-0.11,-0.22,-0.11
2024-03-12 17:20:02.432539,435,0.050805887806,0.0,0,-0.11,-0.22,-0.11
2024-03-12 17:20:02.432549,434,0.050805887806,0.0,0,-0.11,-0.22,-0.11
2024-03-12 17:20:02.432559,433,0.050805887806,0.0,0,-0.11,-0.22,-0.11
2024-03-12 17:20:02.432569,432,0.050805887806,0.0,0,-0.11,-0.22,-0.11
2024-03-12 17:20:02.432579,431,0.050805887806,0.0,0,-0.11,-0.22,-0.11
2024-03-12 17:20:02.432589,437,0.050805887806,0.0,0,-0.11,-0.22,-0.11
2024-03-12 17:20:02.432599,196,0.0473945818485,0.0250000003725,0,-0.11,-0.22,-0.11
2024-03-12 17:20:02.432609,353,0.06605962242959999,0.0,0,-0.11,-0.22,-0.11
2024-03-12 17:20:02.432619,446,0.0620002357528,0.0250000003725,0,-0.11,-0.22,-0.11
2024-03-12 17:20:02.432629,352,0.054375652926699984,0.0500000007451,0,-0.11,-0.22,-0.11
2024-03-12 17:20:02.432639,266,0.050805887546,0.0250000003725,0,-0.11,-0.22,-0.11
2024-03-12 17:20:02.432649,353,0.050805887546,0.0,0,-0.11,-0.22,-0.11
2024-03-12 17:20:02.432659,451,0.0473945816001,0.0250000003725,0,-0.11,-0.22,-0.11
2024-03-12 17:20:02.432669,257,0.0473945816001,0.0,0,-0.11,-0.22,-0.11
2024-03-12 17:20:02.432679,456,0.0473945816001,0.0,0,-0.11,-0.22,-0.11
2024-03-12 17:20:02.432689,257,0.0473945816001,0.0,0,-0.11,-0.22,-0.11
2024-03-12 17:20:02.432699,443,0.032621360792,0.15000000596,0,-0.11,-0.22,-0.11
2024-03-12 17:20:02.432709,457,0.032621360792,0.0,0,-0.11,-0.22,-0.11
2024-03-12 17:20:02.432719,458,0.0352810659581,0.0,0,-0.11,-0.22,-0.11
2024-03-12 17:20:02.432729,447,0.038085269545,0.0250000003725,0,-0.11,-0.22,-0.11
2024-03-12 17:20:02.432739,257,0.0410370033697,0.0,0,-0.11,-0.22,-0.11
2024-03-12 17:20:02.432749,353,0.0352810659581,0.0500000007451,0,-0.11,-0.22,-0.11
2024-03-12 17:20:02.432759,454,0.0352810659581,0.0250000003725,0,-0.11,-0.22,-0.11
2024-03-12 17:20:02.432769,257,0.0352810659581,0.0,0,-0.11,-0.22,-0.11
2024-03-12 17:20:02.432779,455,0.0352810659581,0.0,0,-0.11,-0.22,-0.11
2024-03-12 17:20:02.432789,435,0.0352810659581,0.0,0,-0.11,-0.22,-0.11
2024-03-12 17:20:02.432799,257,0.054375652926699984,0.0,0,-0.11,-0.22,-0.11
2024-03-12 17:20:02.432809,257,0.054375652926699984,0.0,0,-0.11,-0.22,-0.11
2024-03-12 17:20:02.432819,257,0.054375652926699984,0.0,0,-0.11,-0.22,-0.11
2024-03-12 17:20:02.432829,450,0.054375652926699984,0.0250000003725,0,-0.11,-0.22,-0.11
2024-03-12 17:20:02.432839,257,0.0579459661945,0.0,0,-0.11,-0.22,-0.11
2024-03-12 17:20:02.432849,448,0.0668805556034,0.0,0,-0.11,-0.22,-0.11
2024-03-12 17:20:02.432859,257,0.0716623466533,0.0,0,-0.11,-0.22,-0.11
2024-03-12 17:20:02.432869,449,0.0668805556034,0.0250000003725,0,-0.11,-0.22,-0.11
2024-03-12 17:20:02.432879,452,0.0668805556034,0.0,0,-0.11,-0.22,-0.11
2024-03-12 17:20:02.432889,257,0.0668805556034,0.0,0,-0.11,-0.22,-0.11
2024-03-12 17:20:02.432899,445,0.0668805556034,0.0,0,-0.11,-0.22,-0.11
2024-03-12 17:20:02.432909,212,0.0668805556034,0.0,0,-0.11,-0.22,-0.11
2024-03-12 17:20:02.432919,435,0.0623094196282,0.0250000003725,0,-0.11,-0.22,-0.11
2024-03-12 17:20:02.432929,431,0.0668805556034,0.0,0,-0.11,-0.22,-0.11
2024-03-12 17:20:02.432939,432,0.0623094196282,0.0250000003725,0,-0.11,-0.22,-0.11
2024-03-12 17:20:02.432949,433,0.0579459661945,0.0250000003725,0,-0.11,-0.22,-0.11
2024-03-12 17:20:02.432959,444,0.0579459661945,0.0,0,-0.11,-0.22,-0.11
2024-03-12 17:20:02.432969,245,0.0623094196282,0.0,0,-0.11,-0.22,-0.11
2024-03-12 17:20:02.432979,435,0.0623094196282,0.0,0,-0.11,-0.22,-0.11
2024-03-12 17:20:02.432989,442,0.0579459661945,0.0250000003725,0,-0.11,-0.22,-0.11
2024-03-12 17:20:02.432999,440,0.0537870639317,0.0250000003725,0,-0.11,-0.22,-0.11
2024-03-12 17:20:02.433009,434,0.0537870639317,0.0,0,-0.11,-0.22,-0.11
2024-03-12 17:20:02.433019,438,0.0579459661945,0.0,0,-0.11,-0.22,-0.11
2024-03-12 17:20:02.433029,437,0.0579459661945,0.0,0,-0.11,-0.22,-0.11
2024-03-12 17:20:02.433039,256,0.0623094196282,0.0,0,-0.11,-0.22,-0.11
2024-03-12 17:20:02.433049,436,0.0391284310038,0.17499999702,0,-0.11,-0.22,-0.11
2024-03-12 17:20:02.433059,435,0.0359393253675,0.0250000003725,0,-0.11,-0.22,-0.11
2024-03-12 17:20:02.433069,439,0.0329323144649,0.0250000003725,0,-0.11,-0.22,-0.11
2024-03-12 17:20:02.433079,443,0.0329323144649,0.0,0,-0.11,-0.22,-0.11
2024-03-12 17:20:02.433089,189,0.0301029997885,0.0500000007451,0,-0.11,-0.22,-0.11
2024-03-12 17:20:02.433099,195,0.0329323144649,0.0,0,-0.11,-0.22,-0.11
2024-03-12 17:20:02.433109,196,0.0329323144649,0.0,0,-0.11,-0.22,-0.11
2024-03-12 17:20:02.433119,257,0.0301029997885,0.0250000003725,0,-0.11,-0.22,-0.11
2024-03-12 17:20:02.433129,273,0.0301029997885,0.0,0,-0.11,-0.22,-0.11
2024-03-12 17:20:02.433139,272,0.0301029997885,0.0,0,-0.11,-0.22,-0.11
2024-03-12 17:20:02.433149,274,0.0537870639317,0.0,0,-0.11,-0.22,-0.11
2024-03-12 17:20:02.433159,455,0.0579459661945,0.0,0,-0.11,-0.22,-0.11
2024-03-12 17:20:02.433169,456,0.0623094196282,0.0,0,-0.11,-0.22,-0.11
2024-03-12 17:20:02.433179,257,0.0623094196282,0.0,0,-0.11,-0.22,-0.11
2024-03-12 17:20:02.433189,257,0.0716623466533,0.0,0,-0.11,-0.22,-0.11
2024-03-12 17:20:02.433199,257,0.0716623466533,0.0,0,-0.11,-0.22,-0.11
2024-03-12 17:20:02.433209,458,0.0716623466533,0.0,0,-0.11,-0.22,-0.11
2024-03-12 17:20:02.433219,257,0.0766576130245,0.0,0,-0.11,-0.22,-0.11
2024-03-12 17:20:02.433229,450,0.0716623466533,0.0250000003725,0,-0.11,-0.22,-0.11
2024-03-12 17:20:02.433239,457,0.0716623466533,0.0,0,-0.11,-0.22,-0.11
2024-03-12 17:20:02.433249,443,0.0716623466533,0.0,0,-0.11,-0.22,-0.11
2024-03-12 17:20:02.433259,451,0.0716623466533,0.0,0,-0.11,-0.22,-0.11
2024-03-12 17:20:02.433269,257,0.0716623466533,0.0,0,-0.11,-0.22,-0.11
2024-03-12 17:20:02.433279,353,0.0668805556034,0.0250000003725,0,-0.11,-0.22,-0.11
2024-03-12 17:20:02.433289,353,0.0623094196282,0.0250000003725,0,-0.11,-0.22,-0.11
2024-03-12 17:20:02.433299,266,0.0623094196282,0.0,0,-0.11,-0.22,-0.11
2024-03-12 17:20:02.433309,352,0.0579459661945,0.0250000003725,0,-0.11,-0.22,-0.11
2024-03-12 17:20:02.433319,257,0.0579459661945,0.0,0,-0.11,-0.22,-0.11
2024-03-12 17:20:02.433329,447,0.0623094196282,0.0,0,-0.11,-0.22,-0.11
2024-03-12 17:20:02.433339,257,0.0623094196282,0.0,0,-0.11,-0.22,-0.11
2024-03-12 17:20:02.433349,353,0.0623094196282,0.0,0,-0.11,-0.22,-0.11
2024-03-12 17:20:02.433359,454,0.0579459661945,0.0250000003725,0,-0.11,-0.22,-0.11
2024-03-12 17:20:02.433369,448,0.0537870639317,0.0250000003725,0,-0.11,-0.22,-0.11
2024-03-12 17:20:02.433379,257,0.0579459661945,0.0,0,-0.11,-0.22,-0.11
2024-03-12 17:20:02.433389,449,0.0623094196282,0.0,0,-0.11,-0.22,-0.11
2024-03-12 17:20:02.433399,257,0.0623094196282,0.0,0,-0.11,-0.22,-0.11
2024-03-12 17:20:02.433409,257,0.0668805556034,0.0,0,-0.11,-0.22,-0.11
2024-03-12 17:20:02.433419,452,0.0668805556034,0.0,0,-0.11,-0.22,-0.11
2024-03-12 17:20:02.433429,435,0.0668805556034,0.0,0,-0.11,-0.22,-0.11
2024-03-12 17:20:02.433439,446,0.0668805556034,0.0,0,-0.11,-0.22,-0.11
2024-03-12 17:20:02.433449,196,0.0668805556034,0.0,0,-0.11,-0.22,-0.11
2024-03-12 17:20:02.433459,274,0.0716623466533,0.0,0,-0.11,-0.22,-0.11
2024-03-12 17:20:02.433469,189,0.0766576130245,0.0,0,-0.11,-0.22,-0.11
2024-03-12 17:20:02.433479,272,0.0766576130245,0.0,0,-0.11,-0.22,-0.11
2024-03-12 17:20:02.433489,273,0.0766576130245,0.0,0,-0.11,-0.22,-0.11
2024-03-12 17:20:02.433499,257,0.0766576130245,0.0,0,-0.11,-0.22,-0.11
2024-03-12 17:20:02.433509,212,0.0766576130245,0.0,0,-0.11,-0.22,-0.11
2024-03-12 17:20:02.433519,195,0.0766576130245,0.0,0,-0.11,-0.22,-0.11
2024-03-12 17:20:02.433529,444,0.0766576130245,0.0,0,-0.11,-0.22,-0.11
2024-03-12 17:20:02.433539,443,0.0716623466533,0.0250000003725,0,-0.11,-0.22,-0.11
2024-03-12 17:20:02.433549,245,0.0716623466533,0.0,0,-0.11,-0.22,-0.11
2024-03-12 17:20:02.433559,435,0.0716623466533,0.0,0,-0.11,-0.22,-0.11
2024-03-12 17:20:02.433569,442,0.0716623466533,0.0,0,-0.11,-0.22,-0.11
2024-03-12 17:20:02.433579,440,0.0668805556034,0.0250000003725,0,-0.11,-0.22,-0.11
2024-03-12 17:20:02.433589,439,0.0668805556034,0.0,0,-0.11,-0.22,-0.11
2024-03-12 17:20:02.433599,432,0.0623094196282,0.0250000003725,0,-0.11,-0.22,-0.11
2024-03-12 17:20:02.433609,433,0.0579459661945,0.0250000003725,0,-0.11,-0.22,-0.11
2024-03-12 17:20:02.433619,434,0.0537870639317,0.0250000003725,0,-0.11,-0.22,-0.11
2024-03-12 17:20:02.433629,435,0.0537870639317,0.0,0,-0.11,-0.22,-0.11
2024-03-12 17:20:02.433639,445,0.0537870639317,0.0250000003725,0,-0.11,-0.22,-0.11
2024-03-12 17:20:02.433649,435,0.0537870639317,0.0,0,-0.11,-0.22,-0.11
2024-03-12 17:20:02.433659,436,0.0537870639317,0.0,0,-0.11,-0.22,-0.11
2024-03-12 17:20:02.433669,438,0.0537870639317,0.0,0,-0.11,-0.22,-0.11
2024-03-12 17:20:02.433679,431,0.0579459661945,0.0,0,-0.11,-0.22,-0.11
2024-03-12 17:20:02.433689,437,0.0579459661945,0.0,0,-0.11,-0.22,-0.11
2024-03-12 17:20:02.433699,256,0.0623094196282,0.0,0,-0.11,-0.22,-0.11
2024-03-12 17:20:02.433709,435,0.0668805556034,0.0,0,-0.11,-0.22,-0.11
2024-03-12 17:20:02.433719,257,0.0716623466533,0.0,0,-0.11,-0.22,-0.11
2024-03-12 17:20:02.433729,450,0.0716623466533,0.0,0,-0.11,-0.22,-0.11
2024-03-12 17:20:02.433739,451,0.0766576130245,0.0,0,-0.11,-0.22,-0.11
2024-03-12 17:20:02.433749,257,0.0766576130245,0.0,0,-0.11,-0.22,-0.11
2024-03-12 17:20:02.433759,449,0.0766576130245,0.0,0,-0.11,-0.22,-0.11
2024-03-12 17:20:02.433769,257,0.0766576130245,0.0,0,-0.11,-0.22,-0.11
2024-03-12 17:20:02.433779,257,0.0766576130245,0.0,0,-0.11,-0.22,-0.11
2024-03-12 17:20:02.433789,448,0.0766576130245,0.0,0,-0.11,-0.22,-0.11
2024-03-12 17:20:02.433799,257,0.0766576130245,0.0,0,-0.11,-0.22,-0.11
2024-03-12 17:20:02.433809,447,0.0766576130245,0.0,0,-0.11,-0.22,-0.11
2024-03-12 17:20:02.433819,257,0.0766576130245,0.0,0,-0.11,-0.22,-0.11
2024-03-12 17:20:02.433829,353,0.0716623466533,0.0250000003725,0,-0.11,-0.22,-0.11
2024-03-12 17:20:02.433839,353,0.0762094057782,0.0,0,-0.11,-0.22,-0.11
2024-03-12 17:20:02.433849,353,0.0762094057782,0.0,0,-0.11,-0.22,-0.11
2024-03-12 17:20:02.433859,352,0.0762094057782,0.0,0,-0.11,-0.22,-0.11
2024-03-12 17:20:02.433869,257,0.0762094057782,0.0,0,-0.11,-0.22,-0.11
2024-03-12 17:20:02.433879,454,0.0762094057782,0.0,0,-0.11,-0.22,-0.11
2024-03-12 17:20:02.433889,443,0.0762094057782,0.0,0,-0.11,-0.22,-0.11
2024-03-12 17:20:02.433899,257,0.0762094057782,0.0,0,-0.11,-0.22,-0.11
2024-03-12 17:20:02.433909,455,0.0762094057782,0.0,0,-0.11,-0.22,-0.11
2024-03-12 17:20:02.433919,456,0.0762094057782,0.0,0,-0.11,-0.22,-0.11
2024-03-12 17:20:02.433929,266,0.0818419603458,0.0,0,-0.11,-0.22,-0.11
2024-03-12 17:20:02.433939,452,0.0818419603458,0.0,0,-0.11,-0.22,-0.11
2024-03-12 17:20:02.433949,257,0.0818419603458,0.0,0,-0.11,-0.22,-0.11
2024-03-12 17:20:02.433959,457,0.0818419603458,0.0,0,-0.11,-0.22,-0.11
2024-03-12 17:20:02.433969,458,0.0818419603458,0.0,0,-0.11,-0.22,-0.11
2024-03-12 17:20:02.433979,446,0.0818419603458,0.0,0,-0.11,-0.22,-0.11
2024-03-12 17:20:02.433989,257,0.0818419603458,0.0,0,-0.11,-0.22,-0.11
2024-03-12 17:20:02.433999,445,0.0818419603458,0.0,0,-0.11,-0.22,-0.11
2024-03-12 17:20:02.434009,189,0.0818419603458,0.0,0,-0.11,-0.22,-0.11
2024-03-12 17:20:02.434019,195,0.0818419603458,0.0,0,-0.11,-0.22,-0.11
2024-03-12 17:20:02.434029,212,0.0818419603458,0.0,0,-0.11,-0.22,-0.11
2024-03-12 17:20:02.434039,440,0.0818419603458,0.0,0,-0.11,-0.22,-0.11
2024-03-12 17:20:02.434049,434,0.0818419603458,0.0,0,-0.11,-0.22,-0.11
2024-03-12 17:20:02.434059,437,0.0762094057782,0.0250000003725,0,-0.11,-0.22,-0.11
2024-03-12 17:20:02.434069,438,0.0762094057782,0.0,0,-0.11,-0.22,-0.11
2024-03-12 17:20:02.434079,435,0.0762094057782,0.0,0,-0.11,-0.22,-0.11
2024-03-12 17:20:02.434089,435,0.0762094057782,0.0,0,-0.11,-0.22,-0.11
2024-03-12 17:20:02.434099,439,0.0762094057782,0.0,0,-0.11,-0.22,-0.11
2024-03-12 17:20:02.434109,256,0.0762094057782,0.0,0,-0.11,-0.22,-0.11
2024-03-12 17:20:02.434119,433,0.0762094057782,0.0,0,-0.11,-0.22,-0.11
2024-03-12 17:20:02.434129,432,0.0762094057782,0.0,0,-0.11,-0.22,-0.11
2024-03-12 17:20:02.434139,436,0.0708300568985,0.0250000003725,0,-0.11,-0.22,-0.11
2024-03-12 17:20:02.434149,442,0.0657004935432,0.0250000003725,0,-0.11,-0.22,-0.11
2024-03-12 17:20:02.434159,435,0.0708300568985,0.0,0,-0.11,-0.22,-0.11
2024-03-12 17:20:02.434169,245,0.0708300568985,0.0,0,-0.11,-0.22,-0.11
2024-03-12 17:20:02.434179,443,0.0708300568985,0.0,0,-0.11,-0.22,-0.11
2024-03-12 17:20:02.434189,444,0.0708300568985,0.0,0,-0.11,-0.22,-0.11
2024-03-12 17:20:02.434199,431,0.0708300568985,0.0,0,-0.11,-0.22,-0.11
2024-03-12 17:20:02.434209,274,0.0708300568985,0.0,0,-0.11,-0.22,-0.11
2024-03-12 17:20:02.434219,273,0.0708300568985,0.0,0,-0.11,-0.22,-0.11
2024-03-12 17:20:02.434229,272,0.0708300568985,0.0,0,-0.11,-0.22,-0.11
2024-03-12 17:20:02.434239,257,0.0762094057782,0.0,0,-0.11,-0.22,-0.11
2024-03-12 17:20:02.434249,196,0.0818419603458,0.0,0,-0.11,-0.22,-0.11
2024-03-12 17:20:02.434249,660,0.0436650768899,0.20000000298,0,-0.11,-0.22,-0.11
2024-03-12 17:20:02.788780,676,0.051773228856499987,0.25,0,-0.11,-0.22,-0.11
2024-03-12 17:20:12.795409,677,0.051773228856499987,0.0,0,-0.11,-0.22,-0.11
2024-03-12 17:20:55.080625,384,0.051773228856499987,0.0,0,-0.11,-0.22,-0.11
2024-03-12 17:20:55.081034,463,0.051773228856499987,0.0,0,-0.11,-0.22,-0.11
2024-03-12 17:20:55.494000,587,0.0938794183208,0.20000000298,0,-0.11,-0.22,-0.11
2024-03-12 17:21:05.523718,588,0.179354459496,0.27500000596,0,-0.11,-0.22,-0.11
2024-03-12 17:21:05.524292,589,0.198532371327,0.0500000007451,0,-0.11,-0.22,-0.11
2024-03-12 17:21:05.524476,590,0.274783695721,0.17499999702,0,-0.11,-0.22,-0.11
2024-03-12 17:21:36.923999,172,0.338091053579,0.125,0,-0.11,-0.22,-0.11
2024-03-12 17:21:36.925757,197,0.263012123295,0.0500000007451,0,-0.11,-0.22,-0.11
2024-03-12 17:21:36.926257,203,0.16131652557,0.0,0,-0.11,-0.22,-0.11
2024-03-12 17:21:46.930487,341,0.16131652557,0.0,0,-0.11,-0.22,-0.11
2024-03-12 17:23:01.977359,384,0.16131652557,0.0,0,-0.11,-0.22,-0.11
2024-03-12 17:23:01.977799,463,0.16131652557,0.0,0,-0.11,-0.22,-0.11
2024-03-12 17:23:02.471545,587,0.128609002214,0.10000000149,0,-0.11,-0.22,-0.11
2024-03-12 17:23:12.490187,588,0.07083005721169999,0.0500000007451,0,-0.11,-0.22,-0.11
2024-03-12 17:23:12.490525,589,0.0762094065165,0.0750000029802,0,-0.11,-0.22,-0.11
2024-03-12 17:23:12.490671,590,0.0762094065165,0.17499999702,0,-0.11,-0.22,-0.11
2024-03-12 17:23:51.843237,209,0.0708300579946,0.10000000149,0,-0.11,-0.22,-0.11
2024-03-12 17:23:51.981295,661,0.100290238362,0.17499999702,0,-0.11,-0.22,-0.11
2024-03-12 17:23:51.981976,211,0.100290238362,0.0,0,-0.11,-0.22,-0.11
2024-03-12 17:24:30.800832,660,0.100290238362,0.0,0,-0.11,-0.22,-0.11
2024-03-12 17:24:31.060789,676,0.100290238362,0.0,0,-0.11,-0.22,-0.11
2024-03-12 17:24:41.065191,677,0.100290238362,0.0,0,-0.11,-0.22,-0.11
2024-03-12 17:26:04.232834,660,0.128609001079,0.20000000298,0,-0.11,-0.22,-0.11
2024-03-12 17:26:04.560791,676,0.144406050262,0.10000000149,0,-0.11,-0.22,-0.11
2024-03-12 17:26:14.568612,677,0.12860900051100002,0.0250000003725,0,-0.11,-0.22,-0.11
2024-03-12 17:27:32.707559,384,0.198532367648,0.375,0,-0.11,-0.22,-0.11
2024-03-12 17:27:32.707985,463,0.208552358654,0.125,0,-0.11,-0.22,-0.11
2024-03-12 17:27:33.283016,587,0.161316524919,0.0500000007451,0,-0.11,-0.22,-0.11
2024-03-12 17:27:43.302183,588,0.188800188066,0.0750000029802,0,-0.11,-0.22,-0.11
2024-03-12 17:27:43.302647,589,0.218861449283,0.0750000029802,0,-0.11,-0.22,-0.11
2024-03-12 17:27:43.302792,590,0.311874895759,0.20000000298,0,-0.11,-0.22,-0.11
2024-03-12 17:28:16.596383,172,0.351648022322,0.0750000029802,0,-0.11,-0.22,-0.11
2024-03-12 17:28:16.597842,197,0.25153512387,0.0,0,-0.11,-0.22,-0.11
2024-03-12 17:28:16.598351,203,0.208552363198,0.0,0,-0.11,-0.22,-0.11
2024-03-12 17:28:26.602748,341,0.198532371327,0.0,0,-0.11,-0.22,-0.11
2024-03-12 17:29:29.665551,172,0.0938794201921,0.0500000007451,0,-0.11,-0.22,-0.11
2024-03-12 17:29:29.667605,197,0.0657004964524,0.0,0,-0.11,-0.22,-0.11
2024-03-12 17:29:29.668171,203,0.0561760261692,0.0,0,-0.11,-0.22,-0.11
2024-03-12 17:29:39.672799,341,0.0436650788284,0.0,0,-0.11,-0.22,-0.11
2024-03-12 17:30:12.721733,384,0.0331748070841,0.0,0,-0.11,-0.22,-0.11
2024-03-12 17:30:12.722092,463,0.0561760232048,0.0,0,-0.11,-0.22,-0.11
2024-03-12 17:30:13.287871,587,0.0561760232048,0.0750000029802,0,-0.11,-0.22,-0.11
2024-03-12 17:30:23.306130,588,0.047604420663,0.0500000007451,0,-0.11,-0.22,-0.11
2024-03-12 17:30:23.306689,589,0.0364554278676,0.0750000029802,0,-0.11,-0.22,-0.11
2024-03-12 17:30:23.306813,590,0.0517732301336,0.20000000298,0,-0.11,-0.22,-0.11
2024-03-12 17:31:07.073323,172,0.0561760261692,0.0750000029802,0,-0.11,-0.22,-0.11
2024-03-12 17:31:07.075275,203,0.0561760261692,0.0,0,-0.11,-0.22,-0.11
2024-03-12 17:31:07.076783,143,0.0608170964441,0.0250000003725,0,-0.11,-0.22,-0.11
2024-03-12 17:31:07.076798,143,0.0657004964524,0.0250000003725,0,-0.11,-0.22,-0.11
2024-03-12 17:31:07.076802,144,0.0818419641225,0.0750000029802,0,-0.11,-0.22,-0.11
2024-03-12 17:31:07.077479,197,0.0938794211278,0.0500000007451,0,-0.11,-0.22,-0.11
2024-03-12 17:31:07.655844,198,0.0818419636933,0.0250000003725,0,-0.11,-0.22,-0.11
2024-03-12 17:31:07.656818,145,0.0818419636933,0.0500000007451,0,-0.11,-0.22,-0.11
2024-03-12 17:31:07.656830,143,0.0818419636933,0.0750000029802,0,-0.11,-0.22,-0.11
2024-03-12 17:31:07.656831,143,0.0561760265061,0.0750000029802,0,-0.11,-0.22,-0.11
2024-03-12 17:31:09.341502,198,0.045852179359,0.0250000003725,0,-0.11,-0.22,-0.11
2024-03-12 17:31:12.096074,172,0.0534500319577,0.0500000007451,0,-0.11,-0.22,-0.11
2024-03-12 17:31:12.098014,203,0.0534500319577,0.0250000003725,0,-0.11,-0.22,-0.11
2024-03-12 17:31:12.098962,197,0.0534500319577,0.0250000003725,0,-0.11,-0.22,-0.11
2024-03-12 17:31:12.100777,143,0.0534500319577,0.0750000029802,0,-0.11,-0.22,-0.11
2024-03-12 17:31:12.100800,143,0.0534500319577,0.0500000007451,0,-0.11,-0.22,-0.11
2024-03-12 17:31:12.100802,144,0.0534500319577,0.0250000003725,0,-0.11,-0.22,-0.11
2024-03-12 17:31:12.134375,200,0.045852179359,0.0,0,-0.11,-0.22,-0.11
2024-03-12 17:31:12.136759,145,0.0358657212349,0.0,0,-0.11,-0.22,-0.11
2024-03-12 17:31:12.136771,143,0.0328976373182,0.0,0,-0.11,-0.22,-0.11
2024-03-12 17:31:12.136772,143,0.0358657194588,0.0,0,-0.11,-0.22,-0.11
2024-03-12 17:31:13.981328,200,0.0423390179109,0.0,0,-0.11,-0.22,-0.11
2024-03-12 17:31:17.225640,172,0.0458521769939,0.0,0,-0.11,-0.22,-0.11
2024-03-12 17:31:17.226769,203,0.049554671496,0.0,0,-0.11,-0.22,-0.11
2024-03-12 17:31:17.228511,197,0.0618326064036,0.0,0,-0.11,-0.22,-0.11
2024-03-12 17:31:17.228768,143,0.0618326064036,0.0500000007451,0,-0.11,-0.22,-0.11
2024-03-12 17:31:17.228778,143,0.0618326064036,0.0250000003725,0,-0.11,-0.22,-0.11
2024-03-12 17:31:17.228780,144,0.0618326064036,0.0,0,-0.11,-0.22,-0.11
2024-03-12 17:31:17.326329,201,0.0618326064036,0.0,0,-0.11,-0.22,-0.11
2024-03-12 17:31:17.328758,145,0.0618326064036,0.0,0,-0.11,-0.22,-0.11
2024-03-12 17:31:17.328768,143,0.0618326064036,0.0,0,-0.11,-0.22,-0.11
2024-03-12 17:31:17.328769,143,0.0618326064036,0.0,0,-0.11,-0.22,-0.11
2024-03-12 17:31:18.529328,201,0.0618326064036,0.0,0,-0.11,-0.22,-0.11
2024-03-12 17:31:44.572082,172,0.0618326064036,0.0,1,1.0,1.0,1.0
2024-03-12 17:31:44.572950,197,0.0618326064036,0.0,1,0.9987182648960562,0.9987182648960562,0.9987182648960562
2024-03-12 17:31:44.573973,203,0.07102484610189999,0.0,1,0.9973164185838984,0.9973164185838984,0.9973164185838984
2024-03-12 17:31:44.581082,560,0.0534500299347,0.125,1,0.9957833984792802,0.9957833984792802,0.9957833984792802
2024-03-12 17:31:44.582082,561,0.0458521775314,0.0500000007451,1,0.994107161166796,0.994107161166796,0.9941071611667959
2024-03-12 17:31:44.583082,562,0.0358657196865,0.0750000029802,1,0.9922746029605668,0.9922746029605668,0.9922746029605669
2024-03-12 17:31:44.584082,563,0.0495546731374,0.20000000298,1,0.9902714755402676,0.9902714755402676,0.9902714755402676
2024-03-12 17:31:44.585082,311,0.151868690661,0.449999988079,1,0.9880822966777474,0.9880822966777474,0.9880822966777474
2024-03-12 17:31:44.586082,405,0.159674451444,0.0250000003725,1,0.9856902561550418,0.9856902561550418,0.9856902561550418
2024-03-12 17:31:44.587082,405,0.16771464686100002,0.0250000003725,1,0.983077117081338,0.983077117081338,0.983077117081338
2024-03-12 17:31:44.588082,311,0.16771464686100002,0.0,1,0.9802231129481652,0.9802231129481651,0.980223112948165
2024-03-12 17:31:44.589082,564,0.202243613262,0.10000000149,1,0.9771068409226044,0.9771068409226044,0.9771068409226045
2024-03-12 17:31:44.590082,390,0.21147334972,0.0250000003725,1,0.9737051520721092,0.9737051520721092,0.9737051520721092
2024-03-12 17:31:44.591082,564,0.22094407943,0.15000000596,1,0.969993039446146,0.969993039446146,0.969993039446146
2024-03-12 17:31:44.592082,388,0.20224361529800008,0.0,1,0.9659435252142629,0.9659435252142629,0.9659435252142627
2024-03-12 17:31:44.593082,565,0.25081110679,0.20000000298,1,0.9615275483821759,0.961527548382176,0.9615275483821759
2024-03-12 17:31:44.594082,566,0.25081110679,0.20000000298,1,0.9567138549818636,0.9567138549818636,0.9567138549818635
2024-03-12 17:31:44.595082,388,0.103673636003,0.0,1,0.9514688930627334,0.9514688930627334,0.9514688930627334
2024-03-12 17:31:44.596082,311,0.0976899722475,0.0,1,0.9457567153020796,0.9457567153020796,0.9457567153020795
2024-03-12 17:31:44.597082,388,0.0919261086549,0.0,1,0.9395388926063416,0.9395388926063416,0.9395388926063415
2024-03-12 17:31:44.598082,388,0.0919261086549,0.0,1,0.9327744426900348,0.9327744426900348,0.9327744426900347
2024-03-12 17:31:44.599082,398,0.071024848535,0.0,1,0.92541977829365,0.92541977829365,0.9254197782936499
2024-03-12 17:31:44.600082,311,0.071024848535,0.0250000003725,1,0.917428680428408,0.917428680428408,0.9174286804284079
2024-03-12 17:31:44.601082,567,0.0575416113604,0.0750000029802,1,0.9087523028024024,0.9087523028024024,0.9087523028024024
2024-03-12 17:31:44.602082,400,0.0575416113604,0.0,1,0.8993392143707154,0.8993392143707154,0.8993392143707154
2024-03-12 17:31:44.603082,401,0.0301030003522,0.0,1,0.8891354877348165,0.8891354877348165,0.8891354877348165
2024-03-12 17:31:44.604082,402,0.0575416092372,0.0,1,0.8780848418575974,0.8780848418575974,0.8780848418575974
2024-03-12 17:31:44.605082,403,0.0575416092372,0.0,1,0.8661288482120759,0.8661288482120759,0.8661288482120759
2024-03-12 17:31:44.606082,404,0.0575416092372,0.0,1,0.8532072099838808,0.8532072099838808,0.8532072099838808
2024-03-12 17:31:44.607082,568,0.0575416092372,0.0,1,0.8392581242264214,0.8392581242264214,0.8392581242264214
2024-03-12 17:31:54.578023,341,0.0575416092372,0.0,1,0.8242187368356219,0.8242187368356219,0.8242187368356219
2024-03-12 17:31:54.586023,426,0.0575416092372,0.0,1,0.8080256997681162,0.8080256997681162,0.8080256997681162
2024-03-12 17:33:09.630016,384,0.0618326060764,0.0,1,0.7906158389624531,0.7906158389624531,0.7906158389624531
2024-03-12 17:33:09.630421,463,0.0759317124913,0.0,1,0.7719269398210883,0.7719269398210883,0.7719269398210883
2024-03-12 17:33:10.164617,587,0.0358657201419,0.25,1,0.7518986547572525,0.7518986547572525,0.7518986547572525
2024-03-12 17:33:20.184836,588,0.0328976379621,0.0250000003725,1,0.7304735341022435,0.7304735341022435,0.7304735341022435
2024-03-12 17:33:20.185417,589,0.0358657205518,0.0750000029802,1,0.7075981775271697,0.7075981775271697,0.7075981775271697
2024-03-12 17:33:20.185521,590,0.0759317131635,0.25,1,0.6832244980215112,0.6832244980215112,0.6832244980215112
2024-03-12 17:34:23.452022,384,0.175990517157,0.375,1,0.6573110844115324,0.6573110844115324,0.6573110844115324
2024-03-12 17:34:23.452308,463,0.175990517157,0.0,1,0.6298246414961535,0.6298246414961535,0.6298246414961535
2024-03-12 17:34:23.902317,587,0.193253912052,0.0500000007451,1,0.6007414793258863,0.6007414793258863,0.6007414793258863
2024-03-12 17:34:33.917282,588,0.202243615976,0.0250000003725,1,0.5700490152640931,0.5700490152640931,0.5700490152640931
2024-03-12 17:34:33.917862,589,0.2306567113280001,0.0750000029802,1,0.5377472446815363,0.5377472446815363,0.5377472446815363
2024-03-12 17:34:33.917954,590,0.341259594755,0.25,1,0.5038501289937481,0.5038501289937481,0.5038501289937481
2024-03-12 17:34:33.925282,426,0.379278170888,0.324999988079,1,0.4683868439022781,0.4683868439022781,0.46838684390227814
2024-03-12 17:35:24.163126,172,0.379278170888,0.0250000003725,1,0.431402826851864,0.431402826851864,0.431402826851864
2024-03-12 17:35:24.276921,203,0.341259587425,0.0,1,0.3929605615767667,0.3929605615767667,0.39296056157676673
2024-03-12 17:35:24.277236,197,0.230656705467,0.0,1,0.3531400398224675,0.3531400398224675,0.3531400398224675
2024-03-12 17:35:36.405753,341,0.109879087181,0.0,1,0.3120388463805757,0.3120388463805757,0.31203884638057566
2024-03-12 17:36:14.205110,197,0.109879087181,0.0,1,0.2697718237089782,0.2697718237089782,0.2697718237089782
2024-03-12 17:36:14.296264,203,0.0976899669962,0.0,1,0.2264702865476093,0.2264702865476093,0.2264702865476093
2024-03-12 17:36:15.180544,172,0.0919261035993,0.0,1,0.1822807746269911,0.1822807746269911,0.1822807746269911
2024-03-12 17:36:24.223140,341,0.0759317101762,0.0,1,0.1373633519508209,0.1373633519508209,0.1373633519508209
2024-03-12 17:36:24.231140,426,0.0358657187301,0.0,1,0.09188948299949057,0.09188948299949057,0.09188948299949057
2024-03-12 17:36:42.702126,385,0.07102484610189999,0.0,1,0.046039538050873234,0.046039538050873234,0.04603953805087323
